Code,latitude,longitude,target_dose_rate,target_dose_rate_0_1m,organic_carbon_b0,organic_carbon_b10,clay_fraction_0_30,clay_fraction_30_60,sand_fraction_b0,sand_fraction_b10,bulk_density_b0,bulk_density_b10,soil_pH_b0,soil_pH_b10,elevation_m,slope_deg_final,twi_scaled,cs137_kBq_m2,sr90_kBq_m2,ratio_cs_sr,k40_Bq_kg,ra226_Bq_kg,th232_Bq_kg
4,51.151183,29.86728,0.09,0.11,5.0,5.0,13.0,15.0,61.0,61.0,128.0,130.0,58.0,58.0,136.0,12.5,5.29,25.6,5.65,4.53,110.0,7.0,10.0
7,51.14306,29.85566,0.1,0.11,5.0,5.0,13.0,15.0,62.0,62.0,130.0,131.0,60.0,60.0,134.0,22.5,5.11,15.5,2.83,5.48,127.0,9.0,7.0
12,51.13967,29.86646,0.1,0.1,5.0,4.0,14.0,16.0,62.0,62.0,133.0,132.0,59.0,59.0,129.0,17.9,5.54,37.7,8.61,4.38,124.0,10.0,7.0
21,51.133835,29.88057,0.09,0.1,4.0,4.0,15.0,17.0,57.0,56.0,133.0,132.0,64.0,65.0,125.0,16.4,5.21,32.5,9.19,3.53,118.0,10.0,6.0
39,51.125783,30.037053,0.1,0.11,5.0,5.0,14.0,16.0,50.0,49.0,131.0,130.0,64.0,64.0,117.0,1.6,8.15,111.0,47.0,2.37,150.0,19.0,12.0
45,51.12493,29.95222,0.11,0.12,5.0,4.0,17.0,18.0,54.0,55.0,133.0,133.0,64.0,64.0,121.0,33.4,4.53,27.5,6.21,4.44,154.0,14.0,9.0
48,51.12447,29.93698,0.11,0.11,4.0,4.0,14.0,15.0,53.0,52.0,133.0,131.0,65.0,65.0,121.0,6.6,5.8,13.8,4.86,2.85,125.0,9.0,9.0
51,51.1256,29.92359,0.11,0.12,5.0,5.0,15.0,16.0,52.0,52.0,134.0,132.0,66.0,66.0,122.0,17.7,5.13,36.2,12.5,2.89,233.0,13.0,14.0
54,51.12606,29.90969,0.11,0.11,4.0,4.0,15.0,17.0,57.0,57.0,134.0,132.0,64.0,64.0,120.0,6.9,6.05,37.3,18.7,2.0,207.0,15.0,12.0
57,51.12501,29.86512,0.1,0.1,4.0,4.0,15.0,17.0,53.0,53.0,132.0,131.0,64.0,64.0,119.0,4.6,6.57,2.17,1.1,1.97,3.2,12.0,14.0
61,51.12458,29.82432,0.12,0.12,4.0,4.0,16.0,18.0,57.0,57.0,139.0,138.0,60.0,61.0,129.0,6.6,6.09,16.4,4.65,3.53,110.0,85.0,6.6
62,51.12767,29.83336,0.11,0.12,4.0,4.0,15.0,17.0,57.0,57.0,133.0,132.0,59.0,59.0,126.0,16.2,5.21,36.9,6.21,5.93,178.0,14.0,11.0
68,51.12198,29.86163,0.1,0.11,4.0,4.0,17.0,18.0,55.0,55.0,134.0,132.0,65.0,65.0,121.0,9.6,5.47,28.8,8.08,3.56,135.0,13.0,8.0
69,51.121852,30.019,0.13,0.13,5.0,5.0,16.0,17.0,56.0,56.0,133.0,132.0,64.0,64.0,119.0,2.9,6.48,113.0,59.7,1.9,220.0,20.0,12.0
76,51.11882,29.85284,0.11,0.13,3.0,3.0,17.0,19.0,60.0,60.0,134.0,132.0,63.0,63.0,129.0,8.5,5.89,26.1,8.51,3.07,263.0,15.0,15.0
92,51.11565,29.8666,0.12,0.14,4.0,4.0,15.0,17.0,55.0,55.0,137.0,135.0,64.0,64.0,124.0,2.6,6.53,29.7,16.3,1.82,182.0,9.5,11.0
95,51.11545,29.88094,0.09,0.1,5.0,5.0,15.0,17.0,57.0,57.0,133.0,131.0,63.0,63.0,128.0,6.8,5.93,31.6,9.15,3.45,131.0,11.0,9.0
106,51.116417,30.02203,0.14,0.16,5.0,4.0,15.0,16.0,54.0,54.0,126.0,124.0,64.0,64.0,121.0,27.6,4.78,84.8,38.2,2.22,150.0,10.0,9.0
111,51.115856,30.080875,0.11,0.12,4.0,4.0,17.0,18.0,49.0,49.0,134.0,136.0,65.0,65.0,126.0,13.3,5.43,62.1,23.6,2.63,150.0,13.0,10.0
113,51.115856,30.109432,0.11,0.11,5.0,5.0,17.0,18.0,52.0,52.0,141.0,141.0,69.0,69.0,126.0,6.1,6.89,62.4,4.49,13.9,156.0,12.0,9.0
115,51.11586,30.13847,0.14,0.14,8.0,8.0,12.0,13.0,65.0,65.0,126.0,125.0,58.0,58.0,142.0,18.6,5.38,84.2,10.4,8.11,110.0,7.0,5.0
116,51.115849,30.209404,0.11,0.11,5.0,4.0,16.0,17.0,69.0,70.0,124.0,128.0,57.0,57.0,122.0,1.2,7.47,46.4,13.5,3.44,215.0,12.0,11.0
119,51.11654,30.28486,0.09,0.09,5.0,5.0,15.0,16.0,59.0,58.0,124.0,127.0,59.0,59.0,120.0,3.7,6.75,69.8,26.4,2.64,80.0,9.0,5.0
121,51.11642,30.30774,0.09,0.09,7.0,7.0,13.0,14.0,58.0,58.0,126.0,129.0,64.0,64.0,115.0,1.8,7.68,50.5,16.8,3.0,80.0,6.0,5.0
127,51.11399,30.14742,0.11,0.11,5.0,5.0,15.0,16.0,62.0,61.0,122.0,121.0,56.0,56.0,129.0,10.0,5.49,26.1,10.1,2.59,100.0,10.0,6.0
131,51.11288,30.01851,0.14,0.16,4.0,4.0,15.0,16.0,66.0,67.0,135.0,134.0,62.0,62.0,124.0,24.4,4.7,64.9,28.9,2.24,90.0,6.0,5.0
135,51.112858,29.738181,0.1,0.1,4.0,4.0,13.0,15.0,72.0,72.0,126.0,128.0,60.0,60.0,134.0,18.5,4.73,12.5,1.2,10.4,64.0,7.0,6.0
137,51.11255,29.72871,0.09,0.1,5.0,5.0,15.0,17.0,67.0,67.0,129.0,129.0,62.0,62.0,134.0,16.0,5.4,8.23,2.44,3.38,98.0,12.0,7.0
141,51.10995,29.74291,0.1,0.11,5.0,5.0,12.0,14.0,73.0,73.0,131.0,133.0,60.0,60.0,138.0,8.4,6.33,13.8,2.11,6.54,99.0,13.0,8.5
151,51.10971,30.27507,0.11,0.11,5.0,5.0,15.0,16.0,62.0,62.0,132.0,130.0,62.0,62.0,120.0,3.4,6.45,33.0,7.71,4.28,130.0,15.0,7.0
153,51.10977,30.28535,0.1,0.1,4.0,4.0,15.0,16.0,59.0,59.0,132.0,131.0,61.0,61.0,119.0,2.8,6.87,56.2,15.4,3.66,180.0,15.0,12.0
155,51.10672,30.30873,0.09,0.09,5.0,5.0,14.0,15.0,57.0,57.0,115.0,120.0,62.0,62.0,115.0,4.4,6.95,51.6,10.8,4.77,230.0,18.0,13.0
156,51.107,30.29606,0.1,0.1,4.0,4.0,16.0,16.0,59.0,59.0,137.0,138.0,62.0,62.0,118.0,2.2,8.16,42.7,15.2,2.81,220.0,13.0,12.0
158,51.10643,30.2664,0.11,0.11,4.0,4.0,14.0,15.0,59.0,59.0,133.0,134.0,60.0,60.0,120.0,5.9,6.06,48.4,15.0,3.22,190.0,15.0,9.0
159,51.10683,30.25109,0.1,0.11,4.0,4.0,15.0,16.0,55.0,54.0,134.0,132.0,62.0,62.0,119.0,4.6,6.45,52.7,15.6,3.38,300.0,17.0,15.0
161,51.10669,30.22462,0.1,0.1,5.0,5.0,16.0,17.0,55.0,54.0,138.0,137.0,68.0,68.0,119.0,7.8,5.56,61.0,18.4,3.31,350.0,21.0,20.0
162,51.1069,30.21022,0.09,0.1,4.0,4.0,16.0,17.0,60.0,59.0,138.0,136.0,59.0,59.0,120.0,4.8,6.79,52.2,11.0,4.75,180.0,11.0,9.0
166,51.10735,30.16653,0.1,0.1,5.0,4.0,14.0,15.0,62.0,62.0,135.0,133.0,62.0,62.0,122.0,7.7,5.68,75.2,35.8,2.1,210.0,13.0,13.0
169,51.1073,30.152575,0.1,0.1,3.0,3.0,15.0,16.0,57.0,57.0,133.0,132.0,62.0,62.0,122.0,20.9,4.71,54.2,28.8,1.88,210.0,13.0,10.0
172,51.10651,30.13886,0.13,0.14,4.0,5.0,15.0,15.0,53.0,53.0,135.0,133.0,62.0,62.0,122.0,13.4,5.29,61.7,35.0,1.76,127.0,8.0,7.0
175,51.10657,30.12264,0.11,0.12,4.0,4.0,15.0,16.0,55.0,55.0,133.0,131.0,64.0,64.0,124.0,9.1,6.47,71.1,32.3,2.2,270.0,22.0,18.0
176,51.106865,30.109789,0.14,0.14,5.0,5.0,16.0,17.0,55.0,55.0,134.0,132.0,68.0,68.0,128.0,7.1,6.27,64.4,15.8,4.08,300.0,17.0,16.0
177,51.107079,30.095488,0.12,0.13,3.0,4.0,16.0,17.0,52.0,52.0,132.0,131.0,62.0,62.0,137.0,3.7,6.2,53.8,20.1,2.67,290.0,20.0,16.0
178,51.106864,30.080875,0.13,0.14,4.0,4.0,16.0,18.0,54.0,53.0,133.0,132.0,62.0,62.0,134.0,17.5,5.28,57.1,9.0,6.35,290.0,16.0,15.0
185,51.10712,29.98087,0.14,0.14,5.0,5.0,16.0,17.0,63.0,62.0,136.0,137.0,62.0,63.0,129.0,3.8,6.13,49.1,23.3,2.11,258.0,9.0,12.0
188,51.10735,29.96643,0.1,0.13,3.0,3.0,17.0,18.0,62.0,62.0,141.0,139.0,63.0,63.0,124.0,8.8,6.14,49.0,21.0,2.33,166.0,15.0,10.0
189,51.107076,29.955287,0.1,0.11,4.0,4.0,15.0,17.0,65.0,65.0,139.0,137.0,62.0,62.0,125.0,2.2,7.22,35.7,10.4,3.43,92.0,10.0,6.0
192,51.10574,29.90955,0.1,0.11,6.0,7.0,10.0,12.0,73.0,73.0,124.0,128.0,53.0,53.0,145.0,8.9,5.61,35.9,6.75,5.31,67.0,9.0,5.0
202,51.10689,29.77648,0.1,0.11,4.0,4.0,14.0,16.0,58.0,57.0,136.0,135.0,58.0,58.0,128.0,4.7,7.13,12.6,3.0,4.21,145.0,10.0,9.0
211,51.10423,29.76188,0.09,0.09,5.0,4.0,16.0,17.0,65.0,64.0,127.0,126.0,58.0,58.0,129.0,20.0,4.68,10.3,2.34,4.39,108.0,6.0,6.0
233,51.097862,29.738101,0.09,0.1,5.0,5.0,12.0,13.0,73.0,73.0,117.0,122.0,56.0,56.0,144.0,22.1,4.83,14.8,1.69,8.75,30.0,8.0,6.0
236,51.09808,29.76195,0.11,0.11,4.0,4.0,16.0,18.0,62.0,62.0,135.0,134.0,59.0,59.0,130.0,7.1,5.86,13.6,2.49,5.48,147.0,11.0,10.0
238,51.098832,29.779019,0.09,0.09,4.0,4.0,17.0,19.0,60.0,60.0,138.0,140.0,56.0,56.0,131.0,2.8,6.82,13.2,2.11,6.28,129.0,10.0,8.0
241,51.098953,29.825965,0.08,0.08,6.0,6.0,12.0,14.0,65.0,65.0,117.0,122.0,56.0,56.0,127.0,21.7,5.26,13.6,1.57,8.65,100.0,7.0,6.0
244,51.097862,29.866694,0.1,0.11,5.0,5.0,11.0,12.0,72.0,72.0,122.0,129.0,55.0,55.0,143.0,15.5,5.17,28.3,2.05,13.8,111.0,8.0,7.0
250,51.09713,29.95382,0.1,0.12,9.0,8.0,12.0,13.0,73.0,74.0,119.0,124.0,50.0,50.0,145.0,24.7,4.49,28.9,18.7,1.55,53.0,7.0,5.0
253,51.09827,29.99426,0.15,0.15,8.0,7.0,11.0,12.0,71.0,71.0,116.0,120.0,53.0,53.0,150.0,7.3,6.63,55.6,11.2,4.98,226.0,14.0,13.0
255,51.097862,30.023769,0.12,0.13,4.0,4.0,16.0,17.0,58.0,58.0,133.0,135.0,60.0,60.0,133.0,10.3,5.65,78.6,26.9,2.92,249.0,19.0,15.0
259,51.09832,30.07888,0.11,0.11,4.0,4.0,16.0,17.0,59.0,59.0,130.0,131.0,57.0,57.0,127.0,8.4,6.07,64.5,4.42,14.6,300.0,19.0,20.0
262,51.09823,30.12301,0.12,0.12,5.0,5.0,16.0,17.0,50.0,49.0,125.0,124.0,63.0,63.0,126.0,5.3,6.51,58.3,22.0,2.65,280.0,18.0,15.0
265,51.09777,30.16727,0.11,0.11,5.0,5.0,14.0,14.0,63.0,63.0,132.0,132.0,60.0,60.0,121.0,17.0,5.05,60.5,15.9,3.8,160.0,12.0,9.0
268,51.09787,30.20979,0.1,0.1,4.0,4.0,12.0,13.0,70.0,70.0,133.0,138.0,56.0,56.0,119.0,9.5,6.71,44.6,14.0,3.18,140.0,13.0,7.0
269,51.09777,30.22431,0.1,0.11,3.0,3.0,16.0,16.0,57.0,57.0,139.0,137.0,62.0,62.0,119.0,0.9,8.24,36.7,12.7,2.88,210.0,14.0,12.0
271,51.098,30.25237,0.11,0.11,3.0,3.0,13.0,14.0,61.0,61.0,137.0,136.0,61.0,61.0,116.0,14.4,5.72,43.1,14.6,2.94,180.0,25.0,11.0
272,51.09788,30.26656,0.12,0.12,3.0,3.0,16.0,17.0,55.0,55.0,137.0,136.0,62.0,62.0,116.0,1.2,8.33,46.7,11.7,3.98,260.0,19.0,17.0
274,51.0983,30.29691,0.1,0.11,5.0,4.0,16.0,17.0,56.0,56.0,125.0,124.0,60.0,61.0,119.0,2.3,7.12,69.1,16.4,4.22,170.0,14.0,9.0
279,51.09198,29.75775,0.09,0.1,7.0,7.0,15.0,16.0,65.0,65.0,121.0,121.0,58.0,58.0,129.0,11.0,5.8,14.0,2.74,5.12,96.0,8.0,6.0
282,51.09238,30.03711,0.12,0.12,5.0,5.0,17.0,19.0,54.0,54.0,134.0,133.0,64.0,64.0,129.0,4.9,6.31,61.6,20.6,2.99,246.0,19.0,14.0
285,51.09123,30.05345,0.15,0.15,5.0,5.0,14.0,15.0,65.0,65.0,130.0,130.0,58.0,58.0,131.0,19.5,4.81,44.7,6.88,6.5,116.0,8.0,7.0
288,51.08926,30.33778,0.1,0.1,3.0,3.0,15.0,15.0,67.0,67.0,124.0,123.0,59.0,59.0,113.0,8.7,5.67,48.5,20.8,2.33,190.0,15.0,11.0
290,51.08871,30.30723,0.12,0.13,3.0,3.0,16.0,16.0,58.0,58.0,135.0,140.0,70.0,70.0,115.0,3.3,6.4,43.7,12.6,3.48,100.0,6.0,6.0
291,51.08875,30.2943,0.1,0.1,4.0,4.0,17.0,18.0,57.0,57.0,139.0,141.0,68.0,69.0,116.0,1.4,7.09,33.9,9.52,3.56,99.0,8.5,5.0
292,51.08902,30.28173,0.12,0.12,3.0,3.0,17.0,18.0,55.0,55.0,139.0,137.0,68.0,68.0,116.0,0.4,8.75,37.5,10.5,3.59,131.0,10.0,7.0
294,51.08904,30.25095,0.16,0.19,6.0,6.0,11.0,12.0,53.0,53.0,123.0,129.0,54.0,54.0,121.0,19.7,4.75,57.2,11.1,5.16,131.0,11.0,7.0
296,51.08882,30.22364,0.1,0.11,4.0,4.0,15.0,16.0,60.0,60.0,128.0,127.0,60.0,60.0,117.0,3.3,6.84,53.1,17.3,3.06,290.0,20.0,16.0
311,51.08949,30.0375,0.11,0.12,4.0,3.0,16.0,17.0,58.0,57.0,131.0,131.0,61.0,61.0,127.0,8.3,5.86,54.6,31.7,1.72,230.0,14.0,15.0
314,51.08838,30.02322,0.12,0.13,4.0,4.0,16.0,18.0,57.0,57.0,134.0,135.0,64.0,64.0,125.0,6.4,6.64,54.7,24.4,2.24,290.0,24.0,21.0
316,51.089414,30.009772,0.11,0.11,3.0,4.0,15.0,17.0,55.0,55.0,135.0,136.0,59.0,59.0,127.0,8.9,6.15,49.4,14.3,3.45,220.0,16.0,11.0
340,51.08329,29.90467,0.1,0.11,5.0,4.0,14.0,15.0,57.0,56.0,127.0,127.0,58.0,58.0,132.0,5.3,5.82,27.8,10.2,2.72,133.0,12.0,8.0
362,51.081516,29.99411,0.09,0.1,4.0,4.0,15.0,17.0,60.0,59.0,131.0,130.0,59.0,59.0,123.0,8.9,5.84,52.6,15.8,3.34,130.0,18.0,7.0
379,51.079876,30.237963,0.12,0.13,4.0,4.0,15.0,17.0,48.0,48.0,131.0,129.0,64.0,64.0,114.0,3.2,7.21,72.1,26.5,2.72,360.0,23.0,22.0
380,51.079876,30.252243,0.13,0.14,4.0,3.0,16.0,17.0,44.0,44.0,134.0,132.0,64.0,64.0,115.0,6.8,6.1,51.2,19.5,2.63,360.0,21.0,22.0
382,51.07945,30.28069,0.1,0.11,3.0,3.0,17.0,18.0,52.0,51.0,138.0,139.0,64.0,64.0,113.0,7.6,5.58,60.0,24.6,2.44,340.0,24.0,22.0
383,51.07985,30.29523,0.1,0.1,4.0,4.0,16.0,17.0,52.0,52.0,138.0,139.0,64.0,64.0,113.0,6.0,5.92,43.2,13.2,3.28,245.0,17.0,18.0
384,51.079876,30.309361,0.09,0.09,4.0,4.0,17.0,18.0,58.0,58.0,133.0,138.0,65.0,65.0,111.0,10.2,5.49,39.9,4.8,8.3,90.0,7.0,5.0
386,51.07903,30.33656,0.09,0.1,4.0,4.0,14.0,15.0,66.0,67.0,130.0,131.0,59.0,59.0,113.0,6.0,6.25,45.9,14.8,3.11,110.0,10.0,6.0
389,51.0802,30.3521,0.09,0.1,4.0,4.0,16.0,17.0,60.0,60.0,131.0,133.0,61.0,61.0,111.0,5.8,6.13,12.5,4.27,2.92,150.0,14.0,20.0
392,51.07991,30.38073,0.1,0.1,3.0,4.0,15.0,16.0,61.0,61.0,129.0,132.0,63.0,63.0,109.0,3.1,6.34,53.0,23.2,2.28,182.0,12.0,10.0
394,51.07956,30.39463,0.1,0.11,4.0,4.0,16.0,17.0,55.0,54.0,127.0,128.0,62.0,62.0,104.0,10.1,6.09,51.9,21.7,2.39,195.0,17.0,12.0
406,51.07692,29.99038,0.11,0.13,4.0,4.0,15.0,17.0,58.0,58.0,135.0,134.0,59.0,59.0,126.0,17.2,4.58,83.1,43.3,1.92,150.0,11.0,9.0
413,51.07718,29.90931,0.11,0.12,4.0,4.0,16.0,18.0,59.0,59.0,134.0,134.0,58.0,58.0,132.0,7.4,5.77,42.2,17.7,2.39,78.0,6.0,6.0
418,51.07401,29.9243,0.1,0.11,4.0,4.0,13.0,15.0,58.0,58.0,132.0,132.0,61.0,61.0,131.0,8.2,6.15,27.3,9.36,2.92,119.0,11.0,7.0
419,51.07378,29.96635,0.1,0.11,5.0,5.0,17.0,18.0,48.0,48.0,135.0,134.0,67.0,67.0,126.0,2.6,6.74,39.9,16.3,2.45,270.0,19.0,20.0
422,51.07352,29.98019,0.08,0.1,3.0,4.0,17.0,18.0,57.0,57.0,135.0,135.0,64.0,64.0,126.0,12.4,5.55,41.5,15.0,2.76,190.0,13.0,13.0
438,51.070883,30.380797,0.12,0.12,4.0,5.0,16.0,16.0,55.0,55.0,130.0,132.0,68.0,68.0,109.0,3.6,6.36,28.9,11.7,2.46,170.0,13.0,11.0
440,51.07149,30.35115,0.11,0.12,7.0,7.0,15.0,16.0,57.0,57.0,125.0,125.0,60.0,60.0,110.0,9.6,5.29,51.0,18.6,2.74,140.0,9.0,83.0
444,51.0716,30.29536,0.11,0.11,3.0,3.0,16.0,17.0,49.0,49.0,135.0,134.0,64.0,64.0,105.0,15.1,5.53,73.2,44.5,1.64,100.0,20.0,7.0
445,51.07112,30.28154,0.12,0.12,4.0,4.0,16.0,17.0,49.0,49.0,134.0,135.0,63.0,63.0,107.0,10.1,5.44,79.5,30.3,2.62,310.0,25.0,19.0
448,51.07061,30.2655,0.11,0.11,3.0,4.0,15.0,16.0,51.0,50.0,136.0,137.0,62.0,62.0,112.0,4.4,6.74,61.1,24.1,2.54,400.0,26.0,25.0
451,51.07076,30.25218,0.11,0.11,3.0,2.0,15.0,16.0,48.0,47.0,134.0,132.0,64.0,64.0,115.0,4.9,6.33,69.7,24.3,2.88,390.0,25.0,23.0
452,51.07117,30.23779,0.11,0.11,3.0,3.0,16.0,17.0,53.0,53.0,134.0,136.0,65.0,65.0,114.0,5.3,5.91,61.8,19.7,3.13,365.0,25.0,20.0
454,51.070892,30.209384,0.1,0.1,4.0,4.0,12.0,13.0,71.0,72.0,131.0,130.0,58.0,58.0,117.0,15.9,5.13,34.3,11.9,2.87,80.0,8.0,6.0
455,51.07092,30.19519,0.11,0.11,5.0,5.0,12.0,13.0,71.0,71.0,125.0,127.0,57.0,57.0,118.0,22.8,4.76,66.7,2.88,23.2,120.0,9.0,7.0
457,51.07084,30.1686,0.09,0.09,4.0,4.0,14.0,15.0,64.0,64.0,134.0,134.0,62.0,62.0,120.0,6.8,6.02,92.2,23.5,3.92,90.0,7.0,7.0
460,51.07126,30.12382,0.16,0.17,6.0,7.0,11.0,12.0,73.0,74.0,129.0,129.0,55.0,55.0,136.0,22.7,4.48,84.7,10.2,8.3,83.0,9.0,4.5
463,51.06958,30.08226,0.12,0.13,4.0,4.0,11.0,13.0,75.0,75.0,130.0,131.0,57.0,57.0,139.0,20.5,4.67,52.3,6.35,8.24,77.0,6.0,4.0
466,51.07047,30.039138,0.1,0.11,3.0,4.0,15.0,16.0,68.0,67.0,126.0,126.0,60.0,60.0,120.0,3.2,7.01,51.4,2.3,22.3,80.0,7.0,5.0
469,51.07107,29.99345,0.11,0.12,5.0,4.0,17.0,18.0,55.0,55.0,135.0,134.0,63.0,63.0,124.0,2.5,7.51,62.7,13.0,4.81,140.0,10.0,10.0
472,51.071267,29.953709,0.12,0.12,4.0,4.0,17.0,19.0,52.0,52.0,134.0,133.0,67.0,66.0,127.0,7.2,6.29,47.4,13.9,3.4,220.0,12.0,9.0
475,51.07154,29.90879,0.1,0.12,5.0,5.0,14.0,16.0,57.0,56.0,133.0,133.0,59.0,59.0,132.0,5.9,6.5,27.0,6.18,4.37,118.0,12.0,6.0
479,51.069372,29.866127,0.09,0.1,5.0,6.0,14.0,15.0,70.0,70.0,131.0,131.0,56.0,56.0,144.0,14.0,5.85,34.2,3.74,9.13,35.0,13.0,12.0
482,51.06997,29.82462,0.1,0.1,4.0,4.0,17.0,19.0,55.0,56.0,139.0,138.0,63.0,63.0,134.0,4.9,7.06,17.7,5.15,3.44,142.0,8.0,9.0
487,51.07151,29.78159,0.09,0.1,5.0,5.0,11.0,12.0,67.0,67.0,123.0,127.0,51.0,51.0,158.0,17.2,4.79,17.2,1.77,9.71,65.0,4.0,4.0
491,51.067894,29.804816,0.1,0.11,4.0,4.0,17.0,19.0,57.0,57.0,134.0,134.0,60.0,60.0,136.0,3.7,6.38,14.9,3.13,4.76,149.0,13.0,12.0
494,51.067894,29.819094,0.1,0.1,4.0,4.0,16.0,18.0,58.0,58.0,139.0,139.0,60.0,60.0,136.0,4.7,6.85,17.4,5.77,3.02,121.0,9.0,7.0
512,51.06536,30.26233,0.12,0.12,3.0,4.0,14.0,15.0,55.0,55.0,134.0,136.0,62.0,62.0,110.0,25.2,5.36,50.0,24.1,2.08,300.0,24.0,19.0
515,51.06477,30.24661,0.1,0.11,5.0,4.0,16.0,17.0,57.0,57.0,137.0,135.0,63.0,63.0,114.0,11.4,5.55,46.8,13.8,3.4,215.0,20.0,15.0
521,51.064896,30.047557,0.12,0.12,3.0,3.0,16.0,17.0,66.0,66.0,130.0,129.0,63.0,63.0,121.0,5.6,6.32,54.8,12.3,4.46,76.0,9.0,5.0
558,51.061889,30.123726,0.18,0.2,4.0,4.0,14.0,15.0,68.0,68.0,133.0,131.0,65.0,65.0,120.0,7.0,6.06,135.0,26.5,5.11,123.0,11.0,7.0
563,51.061004,30.195435,0.1,0.1,4.0,4.0,16.0,18.0,56.0,56.0,136.0,135.0,66.0,66.0,117.0,4.7,6.37,57.8,24.5,2.36,370.0,25.0,22.0
564,51.061738,30.199676,0.12,0.12,3.0,3.0,16.0,17.0,59.0,58.0,137.0,135.0,63.0,63.0,116.0,9.0,5.94,52.1,22.2,2.34,400.0,26.0,25.0
580,51.05862,29.71945,0.1,0.11,4.0,5.0,14.0,16.0,65.0,65.0,136.0,135.0,57.0,57.0,143.0,38.1,4.78,10.8,0.95,11.3,106.0,9.0,6.0
595,51.0527,30.26792,0.13,0.14,4.0,5.0,13.0,14.0,66.0,66.0,133.0,133.0,59.0,59.0,115.0,7.6,6.46,45.2,4.68,9.66,60.0,7.0,4.0
600,51.05272,30.20061,0.12,0.12,4.0,5.0,16.0,16.0,55.0,53.0,137.0,136.0,62.0,62.0,108.0,10.0,6.43,47.5,17.0,2.79,280.0,17.0,14.0
605,51.05289,30.13888,0.12,0.13,4.0,4.0,16.0,17.0,63.0,62.0,133.0,132.0,63.0,63.0,121.0,5.7,6.11,142.0,27.8,5.09,75.0,6.0,6.0
608,51.05303,30.12438,0.12,0.12,3.0,3.0,15.0,16.0,63.0,63.0,138.0,137.0,64.0,64.0,116.0,3.2,6.86,52.2,12.4,4.22,110.0,11.0,11.0
633,51.05195,29.78041,0.1,0.12,4.0,4.0,16.0,18.0,59.0,59.0,137.0,136.0,61.0,61.0,143.0,6.4,6.13,17.3,3.02,5.72,164.0,13.0,11.0
636,51.05307,29.76716,0.11,0.13,5.0,4.0,15.0,17.0,56.0,56.0,135.0,136.0,60.0,60.0,144.0,4.8,6.44,14.6,2.37,6.15,340.0,22.0,23.0
639,51.05312,29.75195,0.1,0.11,4.0,4.0,17.0,19.0,59.0,59.0,133.0,132.0,60.0,60.0,145.0,3.0,6.63,13.9,4.27,3.25,244.0,19.0,17.0
642,51.05297,29.73811,0.09,0.11,5.0,5.0,16.0,18.0,60.0,60.0,135.0,135.0,59.0,59.0,147.0,6.8,5.79,16.9,2.08,8.1,176.0,14.0,11.0
651,51.04988,29.79071,0.11,0.13,4.0,3.0,17.0,18.0,58.0,58.0,143.0,142.0,61.0,61.0,143.0,11.6,5.0,21.6,1.63,13.3,284.0,20.0,20.0
661,51.04561,30.19134,0.1,0.1,4.0,4.0,15.0,16.0,48.0,48.0,138.0,136.0,63.0,63.0,120.0,29.9,4.83,53.0,32.1,1.65,215.0,14.0,13.0
664,51.04714,30.14791,0.09,0.09,4.0,3.0,14.0,15.0,60.0,59.0,131.0,130.0,63.0,63.0,121.0,5.5,6.25,77.6,33.7,2.3,80.0,8.0,5.0
667,51.046912,30.133231,0.12,0.13,4.0,4.0,15.0,16.0,56.0,56.0,134.0,135.0,64.0,64.0,113.0,3.3,6.8,104.0,27.9,3.73,180.0,16.0,12.0
671,51.04704,30.1141,0.1,0.1,3.0,4.0,13.0,14.0,72.0,72.0,120.0,125.0,58.0,58.0,117.0,12.3,5.46,28.4,2.29,12.4,90.0,8.0,6.0
676,51.04676,29.77086,0.1,0.11,3.0,4.0,17.0,18.0,56.0,55.0,137.0,136.0,60.0,60.0,152.0,9.6,5.4,15.4,2.98,5.17,234.0,13.0,15.0
679,51.043838,29.694039,0.12,0.13,4.0,4.0,17.0,18.0,49.0,48.0,128.0,128.0,65.0,65.0,150.0,6.3,6.16,17.6,2.22,7.94,240.0,10.0,8.0
682,51.044,29.73761,0.09,0.11,5.0,4.0,16.0,18.0,58.0,57.0,136.0,135.0,63.0,63.0,140.0,6.6,6.21,11.8,1.37,8.55,165.0,13.0,12.0
685,51.044203,29.78018,0.1,0.1,3.0,4.0,17.0,19.0,56.0,56.0,139.0,140.0,59.0,59.0,139.0,3.0,7.34,15.9,2.54,6.29,139.0,8.0,7.0
688,51.04325,29.82336,0.09,0.1,4.0,4.0,14.0,16.0,63.0,63.0,132.0,132.0,60.0,60.0,146.0,9.7,5.79,24.4,5.6,4.36,164.0,9.0,12.0
691,51.04469,29.86551,0.12,0.13,5.0,5.0,14.0,16.0,67.0,67.0,121.0,122.0,56.0,56.0,150.0,22.4,4.4,34.4,6.3,5.47,68.0,5.0,5.0
694,51.04398,29.90843,0.11,0.13,3.0,3.0,17.0,19.0,56.0,56.0,139.0,138.0,62.0,62.0,137.0,7.2,5.88,22.3,5.69,3.91,302.0,17.0,21.0
697,51.044055,29.952572,0.12,0.13,5.0,4.0,16.0,18.0,55.0,55.0,135.0,134.0,58.0,58.0,134.0,20.0,4.97,31.2,8.1,3.85,140.0,13.0,14.0
703,51.04321,30.03807,0.11,0.13,4.0,4.0,16.0,18.0,58.0,58.0,133.0,131.0,62.0,62.0,123.0,12.4,5.59,68.0,19.1,3.57,98.0,11.0,6.0
706,51.04409,30.07969,0.11,0.11,4.0,4.0,14.0,15.0,71.0,72.0,138.0,136.0,61.0,60.0,110.0,6.5,5.81,71.6,17.7,4.05,95.0,9.0,6.0
712,51.043903,30.123726,0.12,0.13,5.0,5.0,15.0,16.0,62.0,62.0,131.0,131.0,62.0,62.0,117.0,24.3,5.18,117.0,35.1,3.33,190.0,16.0,12.0
716,51.04356,30.16552,0.11,0.11,5.0,5.0,14.0,15.0,59.0,59.0,130.0,130.0,60.0,60.0,116.0,45.0,3.38,65.7,22.1,2.97,170.0,11.0,12.0
717,51.04325,30.18084,0.1,0.1,3.0,4.0,16.0,16.0,54.0,54.0,137.0,136.0,62.0,62.0,110.0,41.6,4.46,34.1,18.0,1.89,300.0,22.0,17.0
723,51.044871,30.254171,0.12,0.13,6.0,6.0,15.0,17.0,53.0,53.0,131.0,131.0,63.0,63.0,105.0,12.7,5.26,62.3,26.2,2.38,225.0,33.0,26.0
729,51.0379,29.91425,0.12,0.13,5.0,5.0,18.0,19.0,55.0,55.0,133.0,131.0,65.0,65.0,135.0,3.0,6.67,38.6,10.4,3.72,351.0,21.0,21.0
732,51.0377,30.09093,0.1,0.12,5.0,5.0,16.0,17.0,59.0,59.0,133.0,132.0,66.0,66.0,110.0,9.5,5.41,68.3,20.9,3.28,82.0,8.0,7.0
740,51.0352,30.08228,0.11,0.12,5.0,5.0,15.0,16.0,60.0,60.0,131.0,129.0,60.0,60.0,117.0,8.3,5.71,112.0,36.2,3.1,90.0,7.0,6.0
785,51.02865,29.91425,0.1,0.11,4.0,4.0,16.0,18.0,60.0,60.0,134.0,133.0,64.0,64.0,135.0,3.7,6.53,32.4,7.51,4.32,266.0,19.5,14.0
787,51.02773,29.90069,0.09,0.1,4.0,4.0,15.0,17.0,59.0,58.0,130.0,130.0,62.0,62.0,136.0,7.0,6.14,23.5,6.63,3.54,77.0,8.0,4.5
792,51.02546,29.52588,0.1,0.11,5.0,5.0,17.0,19.0,55.0,55.0,139.0,138.0,63.0,63.0,172.0,4.9,6.83,18.1,0.671,27.0,150.0,15.0,9.0
804,51.02572,29.7098,0.09,0.1,3.0,4.0,17.0,19.0,54.0,53.0,136.0,133.0,63.0,63.0,159.0,9.8,5.55,13.2,1.3,10.2,148.0,11.0,11.0
831,51.02575,30.06114,0.1,0.12,5.0,5.0,16.0,17.0,53.0,53.0,129.0,128.0,66.0,66.0,110.0,3.5,6.63,30.4,7.95,3.82,20.0,14.0,10.0
844,51.02256,29.94257,0.09,0.1,4.0,4.0,18.0,20.0,53.0,52.0,131.0,132.0,62.0,62.0,126.0,14.8,5.51,36.4,9.72,3.75,180.0,11.0,8.0
851,51.02296,29.49086,0.09,0.1,6.0,5.0,18.0,19.0,56.0,56.0,133.0,132.0,65.0,65.0,171.0,2.0,7.07,14.8,1.75,8.46,260.0,22.0,13.0
864,51.02015,29.86218,0.1,0.11,4.0,4.0,15.0,17.0,57.0,57.0,134.0,133.0,63.0,63.0,144.0,8.7,5.57,24.8,6.23,3.98,195.0,15.0,12.0
877,51.018467,30.082277,0.1,0.12,7.0,7.0,15.0,16.0,50.0,49.0,129.0,128.0,67.0,67.0,106.0,3.0,6.61,54.4,16.0,3.41,64.0,11.0,4.0
879,51.01669,30.05093,0.11,0.11,5.0,5.0,17.0,18.0,43.0,43.0,134.0,133.0,68.0,68.0,106.0,15.3,5.82,48.4,15.4,3.15,123.0,12.0,11.0
881,51.01683,30.0377,0.11,0.11,3.0,3.0,18.0,20.0,52.0,52.0,133.0,131.0,66.0,66.0,122.0,16.4,5.23,43.9,21.8,2.02,240.0,14.0,14.0
884,51.01689,30.02491,0.09,0.09,5.0,5.0,18.0,20.0,55.0,55.0,131.0,132.0,62.0,62.0,125.0,27.6,4.71,47.1,15.6,3.01,100.0,10.0,5.0
887,51.01733,30.01091,0.11,0.12,4.0,4.0,17.0,18.0,58.0,59.0,132.0,130.0,60.0,60.0,125.0,9.2,5.6,36.8,8.82,4.17,100.0,8.0,5.0
888,51.015104,29.995365,0.1,0.11,4.0,5.0,16.0,17.0,58.0,58.0,128.0,128.0,63.0,62.0,117.0,10.7,6.35,54.0,3.96,13.7,120.0,8.0,5.0
890,51.01733,29.96693,0.11,0.12,5.0,4.0,18.0,20.0,52.0,52.0,133.0,134.0,66.0,66.0,120.0,29.3,5.15,54.5,19.3,2.82,180.0,12.0,11.0
893,51.016923,29.952333,0.09,0.09,4.0,4.0,18.0,19.0,54.0,53.0,130.0,132.0,64.0,64.0,122.0,17.5,5.06,38.3,23.1,1.66,148.0,11.0,9.0
896,51.016923,29.938092,0.1,0.12,4.0,4.0,18.0,20.0,56.0,56.0,134.0,133.0,64.0,64.0,130.0,13.5,5.21,33.5,6.47,5.18,200.0,13.0,10.0
898,51.01651,29.9092,0.09,0.11,3.0,3.0,13.0,14.0,70.0,70.0,130.0,131.0,57.0,57.0,136.0,29.3,5.36,31.9,7.67,4.15,113.0,11.0,8.0
901,51.01713,29.86675,0.1,0.11,3.0,3.0,17.0,19.0,59.0,59.0,136.0,135.0,64.0,64.0,140.0,5.1,6.9,27.4,5.61,4.88,145.0,10.0,12.0
904,51.01694,29.85252,0.09,0.11,3.0,4.0,15.0,17.0,54.0,54.0,137.0,137.0,61.0,61.0,145.0,3.8,6.66,37.9,9.07,4.18,119.0,10.0,8.0
906,51.01673,29.82278,0.1,0.1,4.0,4.0,13.0,15.0,69.0,69.0,129.0,130.0,60.0,59.0,153.0,5.0,6.71,16.2,0.987,16.4,40.0,11.0,8.0
909,51.01672,29.7806,0.09,0.1,5.0,5.0,14.0,15.0,69.0,69.0,129.0,130.0,63.0,63.0,132.0,10.1,6.81,14.7,3.85,3.8,81.0,12.0,10.0
912,51.017546,29.740941,0.1,0.1,3.0,3.0,17.0,19.0,54.0,54.0,136.0,134.0,62.0,62.0,158.0,7.1,5.7,21.0,2.23,9.39,167.0,11.0,9.5
916,51.01699,29.69527,0.11,0.12,3.0,3.0,16.0,17.0,57.0,57.0,137.0,135.0,61.0,61.0,165.0,3.8,6.6,10.8,1.69,6.37,277.0,23.0,15.0
921,51.016936,29.652507,0.1,0.11,3.0,3.0,14.0,15.0,59.0,58.0,140.0,138.0,61.0,61.0,173.0,12.3,5.44,18.1,2.34,7.75,260.0,15.0,14.0
924,51.016936,29.62395,0.14,0.14,4.0,4.0,16.0,17.0,56.0,56.0,135.0,133.0,61.0,61.0,172.0,13.1,5.89,13.9,2.41,5.76,273.0,14.0,16.0
925,51.017298,29.610322,0.1,0.12,4.0,4.0,17.0,19.0,56.0,55.0,137.0,135.0,61.0,61.0,171.0,6.8,5.95,12.9,0.839,15.3,221.0,15.0,13.0
928,51.016936,29.566834,0.09,0.1,5.0,4.0,17.0,18.0,55.0,54.0,135.0,134.0,60.0,60.0,175.0,25.3,5.0,22.5,1.47,15.3,154.0,13.0,11.0
932,51.01683,29.52235,0.11,0.13,4.0,4.0,16.0,18.0,54.0,54.0,133.0,133.0,61.0,61.0,167.0,8.5,5.51,40.7,3.72,10.9,272.0,17.0,19.0
935,51.01756,29.5101,0.1,0.11,5.0,5.0,19.0,21.0,55.0,54.0,132.0,129.0,62.0,62.0,167.0,3.8,6.98,33.0,2.17,15.2,289.0,25.0,17.0
936,51.016936,29.494968,0.09,0.1,7.0,6.0,19.0,21.0,55.0,55.0,133.0,134.0,66.0,66.0,166.0,0.8,8.05,12.8,0.524,24.4,155.0,14.0,8.5
938,51.016923,29.481023,0.1,0.11,4.0,5.0,19.0,21.0,53.0,52.0,132.0,130.0,64.0,64.0,173.0,4.5,6.15,15.1,2.43,6.19,129.0,17.0,9.0
964,51.0116,30.02819,0.11,0.12,4.0,4.0,18.0,19.0,48.0,47.0,130.0,129.0,62.0,62.0,117.0,38.6,4.23,46.1,17.0,2.7,95.0,10.0,11.0
969,51.01114,29.85768,0.11,0.11,4.0,4.0,16.0,18.0,55.0,55.0,136.0,135.0,62.0,62.0,144.0,9.3,6.37,35.2,9.56,3.68,205.0,14.0,13.0
974,51.010941,29.695343,0.09,0.11,5.0,5.0,16.0,18.0,54.0,53.0,134.0,134.0,63.0,63.0,159.0,3.4,7.48,18.2,2.89,6.31,287.0,24.0,18.0
977,51.010941,29.681065,0.11,0.12,4.0,4.0,18.0,20.0,54.0,54.0,139.0,138.0,63.0,62.0,173.0,13.9,5.35,9.19,0.968,9.5,246.0,18.0,14.0
978,51.011283,29.61909,0.11,0.13,4.0,4.0,16.0,17.0,65.0,65.0,135.0,134.0,61.0,61.0,169.0,3.6,6.3,12.0,1.58,7.59,345.0,28.0,21.0
985,51.00804,29.52415,0.1,0.11,4.0,4.0,15.0,17.0,57.0,57.0,131.0,133.0,62.0,61.0,161.0,9.4,6.3,14.3,1.54,9.27,247.0,14.0,15.0
1005,51.008,29.77188,0.09,0.1,4.0,4.0,17.0,19.0,64.0,63.0,136.0,135.0,64.0,64.0,140.0,7.5,6.37,14.8,2.81,5.27,127.0,15.0,8.0
1015,51.0079,29.86667,0.11,0.11,4.0,3.0,15.0,17.0,59.0,58.0,135.0,136.0,63.0,63.0,145.0,5.3,6.17,25.5,7.06,3.6,161.0,21.0,9.0
1022,51.00832,29.95249,0.12,0.12,4.0,4.0,18.0,19.0,54.0,53.0,135.0,136.0,70.0,71.0,137.0,2.5,6.67,39.6,5.97,6.63,270.0,15.0,16.0
1028,51.0072,30.01928,0.11,0.12,5.0,5.0,19.0,20.0,43.0,43.0,131.0,130.0,63.0,63.0,130.0,14.0,5.13,51.6,26.3,1.96,207.0,12.0,12.0
1034,51.00467,30.00338,0.11,0.12,4.0,4.0,20.0,21.0,50.0,49.0,133.0,132.0,61.0,61.0,132.0,4.5,5.93,65.5,19.6,3.34,237.0,16.0,14.0
1038,51.0051,29.79124,0.09,0.1,5.0,5.0,16.0,17.0,60.0,60.0,134.0,133.0,64.0,64.0,130.0,23.8,4.56,19.6,3.57,5.47,135.0,11.0,11.0
1049,51.001948,29.695343,0.09,0.12,3.0,4.0,16.0,18.0,59.0,58.0,138.0,137.0,62.0,62.0,163.0,8.3,6.2,21.1,1.96,10.8,259.0,15.0,15.0
1075,50.99842,29.76682,0.11,0.12,3.0,3.0,16.0,18.0,57.0,56.0,137.0,135.0,64.0,64.0,146.0,10.9,5.68,19.9,2.98,6.7,289.0,21.0,20.0
1093,50.99902,29.52905,0.1,0.11,4.0,4.0,16.0,17.0,68.0,68.0,135.0,136.0,62.0,62.0,160.0,22.5,4.89,14.5,1.46,9.9,125.0,15.0,8.0
1106,50.99581,29.92384,0.11,0.11,4.0,4.0,18.0,20.0,50.0,49.0,133.0,131.0,62.0,62.0,138.0,5.1,6.57,9.96,4.02,2.48,195.0,13.0,12.0
1120,50.98989,29.52395,0.11,0.12,4.0,4.0,18.0,20.0,60.0,60.0,132.0,134.0,65.0,65.0,157.0,4.5,6.58,19.0,0.862,22.0,228.0,18.0,15.0
1123,50.99044,29.56701,0.11,0.12,5.0,4.0,10.0,11.0,72.0,73.0,122.0,126.0,59.0,59.0,182.0,43.4,3.73,11.3,1.54,7.29,95.0,9.0,6.5
1125,50.99004,29.58575,0.1,0.11,3.0,3.0,18.0,19.0,63.0,62.0,135.0,134.0,63.0,63.0,162.0,10.1,5.72,13.9,1.78,7.8,140.0,14.0,7.0
1128,50.98957,29.60909,0.1,0.11,5.0,4.0,18.0,19.0,58.0,57.0,139.0,137.0,63.0,63.0,161.0,2.2,7.26,15.6,1.57,9.88,218.0,16.0,18.0
1131,50.989943,29.6525,0.12,0.13,4.0,4.0,18.0,19.0,56.0,56.0,136.0,134.0,62.0,62.0,173.0,4.6,6.13,14.5,1.08,13.3,265.0,16.0,16.0
1134,50.989943,29.695338,0.1,0.11,4.0,4.0,15.0,17.0,72.0,71.0,129.0,128.0,60.0,60.0,171.0,10.6,5.9,21.3,1.25,17.0,90.0,7.0,6.0
1137,50.98956,29.73812,0.09,0.1,6.0,6.0,17.0,19.0,48.0,48.0,138.0,136.0,61.0,61.0,159.0,10.5,5.9,27.2,3.78,7.2,272.0,18.0,17.0
1138,50.98991,29.7527,0.1,0.11,4.0,4.0,15.0,17.0,54.0,53.0,138.0,136.0,63.0,63.0,155.0,17.0,5.37,19.3,7.59,2.54,184.0,21.0,14.0
1141,50.99019,29.767031,0.1,0.1,4.0,4.0,16.0,17.0,60.0,60.0,136.0,135.0,63.0,63.0,144.0,20.8,4.54,59.7,9.9,6.03,206.0,13.0,16.0
1144,50.99056,29.78161,0.1,0.11,3.0,3.0,18.0,20.0,53.0,53.0,133.0,133.0,64.0,64.0,152.0,4.8,6.03,23.0,2.92,7.88,215.0,15.0,13.0
1147,50.98869,29.82286,0.1,0.1,4.0,4.0,20.0,21.0,60.0,61.0,137.0,139.0,66.0,66.0,126.0,12.4,5.51,16.7,1.41,11.8,80.0,5.0,5.0
1150,50.991258,29.865266,0.11,0.12,4.0,4.0,13.0,14.0,66.0,66.0,131.0,131.0,61.0,61.0,157.0,16.2,5.25,38.5,2.29,16.8,69.0,7.0,4.0
1153,50.98952,29.90993,0.11,0.11,4.0,4.0,17.0,18.0,49.0,49.0,132.0,132.0,64.0,64.0,141.0,7.1,5.69,35.5,8.24,4.31,212.0,15.0,14.0
1157,50.99009,29.95323,0.12,0.13,4.0,4.0,19.0,20.0,50.0,50.0,138.0,138.0,63.0,63.0,136.0,3.1,7.19,52.2,9.21,5.67,264.0,18.0,18.0
1162,50.99025,29.99456,0.11,0.13,7.0,7.0,20.0,21.0,47.0,48.0,134.0,132.0,64.0,64.0,108.0,1.2,8.2,38.5,17.9,2.15,110.0,15.0,8.0
1168,50.98754,29.98126,0.13,0.14,5.0,5.0,19.0,20.0,49.0,49.0,134.0,134.0,62.0,62.0,117.0,11.1,5.24,51.0,2.56,19.9,211.0,20.0,14.0
1171,50.986961,29.966644,0.11,0.11,5.0,5.0,17.0,19.0,50.0,50.0,133.0,132.0,60.0,60.0,135.0,13.6,5.32,70.3,19.6,3.58,260.0,18.0,17.0
1172,50.986,29.91985,0.11,0.12,4.0,4.0,18.0,19.0,47.0,47.0,131.0,130.0,65.0,65.0,141.0,4.4,7.12,37.7,6.9,5.46,273.0,17.0,21.0
1189,50.983963,29.666786,0.11,0.11,3.0,4.0,16.0,17.0,65.0,65.0,136.0,135.0,59.0,59.0,174.0,4.8,6.02,24.9,2.08,11.9,186.0,14.0,13.0
1198,50.980965,30.052317,0.09,0.09,7.0,6.0,17.0,18.0,52.0,52.0,129.0,129.0,66.0,66.0,109.0,4.1,6.6,6.43,2.53,2.54,51.0,7.0,4.0
1203,50.98092,29.97109,0.11,0.13,5.0,4.0,17.0,19.0,52.0,52.0,126.0,127.0,61.0,61.0,122.0,37.1,4.41,54.2,6.3,8.6,80.0,8.0,5.0
1205,50.980922,29.952048,0.11,0.11,4.0,4.0,18.0,20.0,49.0,49.0,133.0,134.0,65.0,65.0,138.0,5.5,6.61,31.5,20.4,1.54,290.0,19.0,19.0
1218,50.98036,29.78619,0.1,0.1,3.0,3.0,17.0,18.0,55.0,55.0,136.0,135.0,63.0,64.0,154.0,12.6,5.59,23.9,3.25,7.37,200.0,13.0,13.0
1221,50.98055,29.7714,0.13,0.13,4.0,4.0,17.0,18.0,59.0,58.0,136.0,137.0,63.0,63.0,139.0,19.2,5.48,24.3,4.89,4.98,158.0,13.0,11.0
1223,50.98108,29.75715,0.1,0.11,3.0,3.0,16.0,18.0,54.0,54.0,134.0,132.0,64.0,64.0,157.0,5.3,6.08,38.5,5.79,6.64,263.0,16.0,14.0
1236,50.98098,29.60994,0.09,0.09,3.0,4.0,15.0,17.0,66.0,66.0,136.0,135.0,63.0,63.0,166.0,11.2,5.39,19.0,1.61,11.9,115.0,15.0,7.0
1239,50.980348,29.595394,0.1,0.11,4.0,4.0,17.0,18.0,69.0,68.0,138.0,137.0,61.0,61.0,158.0,9.4,5.58,10.8,1.74,6.2,165.0,10.0,11.0
1242,50.9809,29.58118,0.1,0.1,4.0,4.0,16.0,17.0,64.0,64.0,134.0,134.0,60.0,60.0,152.0,20.9,5.35,22.1,2.09,10.5,177.0,27.0,12.0
1252,50.98112,29.43281,0.09,0.1,4.0,4.0,17.0,18.0,58.0,58.0,135.0,134.0,60.0,60.0,170.0,1.9,7.13,26.1,0.683,38.3,118.0,10.5,7.0
1261,50.977968,29.662026,0.11,0.12,3.0,4.0,16.0,18.0,70.0,70.0,134.0,134.0,58.0,58.0,168.0,4.9,6.76,25.4,2.35,10.8,170.0,8.0,9.0
1271,50.97835,30.01494,0.12,0.14,5.0,7.0,19.0,20.0,51.0,51.0,129.0,129.0,70.0,70.0,115.0,33.9,4.28,61.5,9.33,6.59,45.0,6.0,4.0
1276,50.97511,29.5334,0.11,0.12,5.0,4.0,16.0,18.0,63.0,62.0,127.0,128.0,65.0,65.0,156.0,9.5,5.7,14.6,0.683,21.3,171.0,14.0,9.0
1278,50.97487,29.52447,0.11,0.12,3.0,3.0,16.0,19.0,60.0,60.0,138.0,136.0,62.0,62.0,159.0,4.3,6.42,8.96,1.0,8.93,163.0,12.0,10.0
1281,50.9752,29.51049,0.09,0.1,3.0,3.0,18.0,19.0,62.0,61.0,136.0,134.0,63.0,63.0,159.0,15.6,5.54,23.7,1.58,15.0,74.0,11.0,5.0
1311,50.97223,29.77673,0.1,0.12,4.0,4.0,17.0,18.0,55.0,54.0,136.0,135.0,61.0,61.0,147.0,23.1,4.83,29.0,4.63,6.27,380.0,25.0,26.0
1321,50.97124,29.92359,0.1,0.11,3.0,3.0,17.0,18.0,57.0,56.0,139.0,138.0,63.0,63.0,142.0,11.3,5.27,27.4,5.06,5.41,240.0,14.0,16.0
1326,50.97261,30.00841,0.11,0.12,5.0,5.0,15.0,16.0,49.0,49.0,127.0,126.0,67.0,67.0,110.0,6.6,6.21,73.2,29.5,2.48,53.0,6.0,5.0
1331,50.96872,29.948,0.1,0.11,4.0,4.0,18.0,19.0,54.0,53.0,133.0,133.0,63.0,63.0,121.0,34.4,4.33,31.2,7.83,3.99,145.0,10.0,14.0
1336,50.96917,29.87584,0.11,0.11,3.0,4.0,20.0,22.0,59.0,59.0,133.0,131.0,60.0,60.0,130.0,10.8,6.05,9.01,2.5,3.61,127.0,11.0,7.0
1357,50.962413,29.996578,0.14,0.15,10.0,10.0,14.0,16.0,58.0,58.0,119.0,122.0,58.0,58.0,127.0,14.9,5.59,58.2,7.51,7.75,56.0,8.0,5.0
1360,50.9628,29.93671,0.13,0.13,3.0,4.0,18.0,19.0,55.0,55.0,135.0,136.0,65.0,65.0,132.0,30.5,4.83,57.5,11.4,5.05,180.0,12.0,15.0
1363,50.96273,29.92281,0.09,0.1,3.0,4.0,16.0,17.0,63.0,63.0,136.0,135.0,63.0,63.0,139.0,9.6,5.64,26.7,3.6,7.41,80.0,6.0,5.0
1364,50.96457,29.91055,0.1,0.11,4.0,5.0,15.0,16.0,60.0,60.0,126.0,126.0,60.0,60.0,145.0,15.8,5.55,7.72,1.94,3.98,80.0,6.0,6.0
1366,50.96309,29.88077,0.1,0.11,3.0,3.0,18.0,20.0,57.0,58.0,137.0,138.0,64.0,64.0,126.0,12.3,5.71,51.0,6.49,7.86,88.0,8.0,7.0
1368,50.96238,29.86654,0.11,0.13,5.0,5.0,16.0,17.0,57.0,57.0,131.0,129.0,60.0,59.0,119.0,20.3,5.51,32.8,5.0,6.56,135.0,15.0,15.0
1371,50.96257,29.82359,0.11,0.13,5.0,5.0,12.0,13.0,68.0,67.0,131.0,132.0,58.0,58.0,158.0,23.9,4.96,29.8,1.3,22.9,75.0,66.0,49.0
1374,50.96294,29.7816,0.12,0.13,4.0,4.0,13.0,15.0,66.0,65.0,131.0,131.0,56.0,56.0,153.0,18.8,5.39,29.9,7.0,4.27,372.0,24.0,25.0
1378,50.96336,29.75333,0.1,0.11,4.0,4.0,16.0,17.0,57.0,57.0,137.0,136.0,65.0,65.0,148.0,11.2,5.79,19.6,2.57,7.59,214.0,13.0,15.0
1379,50.96312,29.73859,0.09,0.09,4.0,5.0,17.0,18.0,61.0,61.0,138.0,139.0,62.0,62.0,158.0,9.9,5.76,25.2,2.57,9.78,180.0,9.5,10.0
1382,50.961887,29.695044,0.11,0.12,8.0,7.0,14.0,15.0,69.0,68.0,128.0,128.0,58.0,58.0,174.0,8.6,5.85,25.5,0.965,26.4,80.0,9.0,5.0
1385,50.962583,29.651804,0.09,0.11,5.0,5.0,12.0,13.0,75.0,75.0,129.0,129.0,56.0,56.0,161.0,19.7,5.61,24.9,2.44,10.2,98.0,16.0,11.0
1388,50.962043,29.609604,0.11,0.11,6.0,5.0,12.0,13.0,78.0,79.0,124.0,129.0,56.0,56.0,157.0,15.4,5.77,22.0,0.703,31.3,112.0,11.0,9.0
1391,50.963843,29.568409,0.09,0.1,5.0,4.0,12.0,14.0,75.0,75.0,117.0,123.0,55.0,55.0,161.0,14.1,5.28,11.2,1.19,9.43,64.0,7.0,4.0
1394,50.962981,29.52422,0.11,0.12,6.0,6.0,15.0,16.0,58.0,57.0,125.0,132.0,60.0,60.0,157.0,8.8,5.68,19.8,0.567,34.8,112.0,12.0,7.0
1396,50.96309,29.48104,0.1,0.11,9.0,8.0,15.0,17.0,61.0,62.0,125.0,133.0,60.0,60.0,177.0,10.6,5.46,16.0,1.04,15.3,77.0,10.0,5.0
1399,50.96295,29.43806,0.11,0.12,4.0,4.0,11.0,12.0,71.0,71.0,129.0,131.0,58.0,58.0,180.0,13.6,4.81,32.7,0.45,72.7,162.0,15.0,10.0
1417,50.95675,29.88591,0.1,0.11,5.0,5.0,16.0,18.0,60.0,61.0,130.0,131.0,62.0,62.0,117.0,20.5,5.73,31.5,4.42,7.14,193.0,25.0,10.0
1427,50.956985,29.466881,0.11,0.11,3.0,4.0,14.0,16.0,65.0,65.0,133.0,133.0,61.0,61.0,165.0,5.4,6.57,13.1,0.724,18.1,45.0,9.0,7.0
1433,50.95397,29.481144,0.09,0.1,3.0,3.0,17.0,18.0,62.0,61.0,134.0,134.0,62.0,62.0,162.0,5.7,6.91,19.3,1.04,18.7,180.0,9.0,8.0
1436,50.953985,29.495439,0.11,0.12,3.0,3.0,18.0,20.0,60.0,60.0,134.0,133.0,63.0,63.0,166.0,13.3,5.4,19.2,3.69,5.2,170.0,11.0,10.0
1443,50.953985,29.566834,0.09,0.09,4.0,4.0,17.0,18.0,58.0,58.0,131.0,130.0,65.0,65.0,150.0,18.4,5.37,20.5,1.55,13.3,139.0,13.0,9.0
1444,50.953985,29.576353,0.11,0.11,6.0,5.0,15.0,17.0,61.0,61.0,127.0,131.0,60.0,60.0,149.0,44.5,3.77,17.5,1.59,11.0,115.0,7.0,8.0
1460,50.95394,29.75214,0.1,0.11,3.0,3.0,15.0,17.0,65.0,65.0,135.0,135.0,60.0,60.0,157.0,3.5,6.35,41.0,4.27,9.59,286.0,21.0,16.0
1463,50.95425,29.7667,0.1,0.11,4.0,4.0,11.0,12.0,71.0,71.0,124.0,126.0,55.0,55.0,163.0,34.0,3.8,39.6,4.43,8.93,222.0,13.5,15.0
1475,50.953443,29.927568,0.1,0.1,4.0,4.0,17.0,19.0,51.0,51.0,126.0,127.0,65.0,65.0,131.0,44.8,3.81,73.8,5.46,13.5,60.0,5.0,12.0
1490,50.95103,29.67626,0.09,0.1,4.0,3.0,16.0,18.0,61.0,61.0,137.0,135.0,62.0,62.0,158.0,11.1,5.69,27.8,2.54,11.0,106.0,11.0,7.0
1491,50.950989,29.581112,0.1,0.11,4.0,4.0,14.0,15.0,61.0,60.0,133.0,132.0,63.0,63.0,140.0,21.8,4.56,17.3,1.82,9.52,71.0,8.0,5.0
1499,50.94813,29.45218,0.11,0.13,5.0,4.0,19.0,20.0,58.0,58.0,132.0,131.0,65.0,65.0,169.0,5.5,6.19,23.3,2.22,10.5,278.0,18.0,15.0
1502,50.947991,29.7477,0.11,0.11,5.0,4.0,15.0,16.0,68.0,68.0,127.0,128.0,59.0,59.0,156.0,5.5,6.34,31.1,4.0,7.78,224.0,17.0,14.0
1505,50.94781,29.89494,0.14,0.16,4.0,4.0,16.0,18.0,53.0,53.0,126.0,127.0,65.0,65.0,137.0,28.0,4.72,62.8,14.9,4.22,148.0,18.0,22.0
1508,50.94806,29.90969,0.1,0.1,5.0,5.0,19.0,20.0,55.0,55.0,132.0,133.0,59.0,60.0,117.0,19.7,4.55,63.1,6.49,9.72,190.0,16.0,18.0
1510,50.94785,29.98131,0.11,0.12,4.0,4.0,18.0,19.0,60.0,62.0,124.0,124.0,64.0,64.0,112.0,5.1,7.07,72.4,18.4,3.94,78.0,13.0,7.0
1525,50.94508,29.90914,0.14,0.16,4.0,4.0,20.0,21.0,49.0,51.0,129.0,127.0,65.0,65.0,128.0,12.0,5.53,47.0,9.33,5.04,117.0,11.0,9.0
1528,50.94423,29.89427,0.1,0.12,5.0,4.0,16.0,17.0,49.0,49.0,125.0,124.0,68.0,69.0,140.0,9.4,5.57,57.7,7.01,8.23,129.0,11.0,9.0
1531,50.94487,29.8806,0.1,0.11,4.0,4.0,17.0,18.0,52.0,52.0,130.0,130.0,64.0,64.0,148.0,8.2,5.93,25.3,7.09,3.58,132.0,10.0,9.0
1566,50.943449,29.876318,0.13,0.13,3.0,3.0,17.0,19.0,55.0,55.0,131.0,130.0,64.0,64.0,146.0,9.2,5.46,63.8,9.84,6.48,40.0,14.0,9.0
1575,50.94224,29.97181,0.1,0.11,7.0,6.0,18.0,20.0,51.0,52.0,123.0,124.0,67.0,67.0,111.0,1.6,8.1,65.2,4.5,14.5,52.0,8.0,5.0
1586,50.935984,29.481144,0.1,0.1,4.0,4.0,19.0,20.0,57.0,57.0,133.0,132.0,63.0,63.0,166.0,5.6,5.97,25.1,0.825,30.5,190.0,13.0,11.0
1589,50.935984,29.523983,0.1,0.11,4.0,4.0,18.0,20.0,60.0,60.0,136.0,135.0,63.0,63.0,162.0,3.8,6.89,20.7,1.48,14.0,220.0,16.0,16.0
1592,50.936001,29.566834,0.11,0.11,4.0,4.0,18.0,20.0,64.0,65.0,138.0,137.0,64.0,64.0,160.0,6.3,6.12,17.4,1.26,13.8,270.0,16.0,17.0
1595,50.935984,29.609661,0.1,0.11,4.0,5.0,13.0,14.0,68.0,68.0,127.0,129.0,62.0,62.0,159.0,14.9,5.15,28.1,1.75,16.0,43.0,6.0,4.0
1599,50.93602,29.65263,0.11,0.11,6.0,6.0,16.0,18.0,58.0,59.0,122.0,129.0,64.0,64.0,152.0,7.8,6.07,17.2,1.27,13.5,46.0,6.0,4.0
1602,50.936559,29.695122,0.11,0.12,6.0,5.0,13.0,15.0,75.0,76.0,124.0,126.0,60.0,60.0,167.0,22.5,5.0,27.2,2.17,12.5,60.0,7.0,5.0
1605,50.93682,29.73937,0.09,0.11,10.0,9.0,11.0,13.0,73.0,74.0,111.0,120.0,54.0,54.0,157.0,29.5,4.56,19.6,1.4,14.0,107.0,22.0,8.0
1608,50.935877,29.780267,0.12,0.13,11.0,11.0,13.0,14.0,65.0,65.0,117.0,120.0,55.0,55.0,161.0,29.0,5.39,25.8,4.28,6.03,150.0,8.0,6.0
1611,50.93575,29.82374,0.1,0.11,4.0,5.0,11.0,12.0,67.0,67.0,132.0,132.0,58.0,58.0,157.0,18.8,5.06,29.1,2.24,13.0,50.0,9.0,4.5
1614,50.935984,29.866694,0.11,0.12,4.0,5.0,20.0,21.0,54.0,53.0,129.0,128.0,65.0,65.0,147.0,6.0,5.91,33.1,5.69,5.81,140.0,8.0,8.0
1615,50.93631,29.88148,0.12,0.13,4.0,4.0,17.0,18.0,52.0,52.0,129.0,128.0,67.0,67.0,142.0,10.7,5.28,40.8,6.38,6.39,240.0,17.0,24.0
1618,50.936001,29.895249,0.11,0.13,4.0,4.0,17.0,19.0,45.0,45.0,124.0,123.0,69.0,69.0,136.0,11.4,5.84,48.5,6.91,7.02,202.0,15.0,17.0
1621,50.93622,29.90966,0.11,0.12,5.0,4.0,18.0,19.0,46.0,46.0,126.0,126.0,70.0,70.0,114.0,25.9,5.39,23.2,6.04,3.84,198.0,16.0,15.0
1624,50.93609,29.95312,0.12,0.14,8.0,7.0,19.0,20.0,47.0,46.0,127.0,126.0,66.0,66.0,110.0,1.3,7.61,52.0,21.0,2.48,96.0,13.0,16.0
1627,50.936169,29.997449,0.12,0.13,6.0,6.0,14.0,15.0,72.0,72.0,112.0,117.0,54.0,54.0,140.0,16.0,5.03,58.1,3.26,17.8,50.0,8.0,4.0
1630,50.93582,30.03905,0.14,0.16,6.0,5.0,11.0,12.0,76.0,76.0,116.0,124.0,52.0,53.0,126.0,38.1,4.19,67.6,13.9,4.86,50.0,9.0,4.0
1633,50.935984,30.080888,0.1,0.11,4.0,4.0,14.0,15.0,58.0,58.0,129.0,129.0,62.0,62.0,114.0,4.0,6.62,116.0,28.7,4.06,71.0,14.0,8.0
1641,50.93321,29.63793,0.09,0.11,4.0,5.0,16.0,18.0,56.0,55.0,131.0,129.0,65.0,66.0,135.0,6.6,6.52,19.2,4.09,4.68,65.0,12.0,8.0
1647,50.93013,29.96157,0.1,0.11,5.0,5.0,19.0,21.0,50.0,49.0,126.0,124.0,66.0,66.0,117.0,14.9,5.23,38.6,13.9,2.78,60.0,6.0,5.0
1663,50.92674,29.89579,0.1,0.12,4.0,4.0,19.0,21.0,46.0,46.0,128.0,127.0,66.0,66.0,139.0,10.0,5.78,16.1,3.53,4.55,223.0,14.0,13.0
1698,50.92687,29.49577,0.1,0.1,5.0,5.0,19.0,20.0,60.0,60.0,132.0,130.0,65.0,65.0,161.0,7.3,6.9,18.1,1.16,15.6,239.0,18.0,18.0
1705,50.92461,29.51027,0.09,0.09,5.0,5.0,17.0,19.0,58.0,58.0,135.0,133.0,65.0,65.0,163.0,4.6,7.17,25.0,2.95,8.48,113.0,9.0,8.0
1708,50.92474,29.523996,0.09,0.1,5.0,5.0,18.0,19.0,64.0,63.0,136.0,134.0,63.0,63.0,155.0,15.4,6.22,27.7,1.48,18.6,171.0,12.0,9.0
1711,50.92395,29.65255,0.12,0.13,5.0,5.0,17.0,19.0,56.0,56.0,134.0,132.0,65.0,65.0,135.0,14.2,5.55,23.3,3.58,6.5,80.0,11.0,6.0
1715,50.9239,29.70967,0.1,0.11,4.0,4.0,14.0,16.0,68.0,68.0,136.0,135.0,59.0,59.0,145.0,26.9,4.79,23.5,2.06,11.4,120.0,13.0,8.0
1718,50.924011,29.723902,0.1,0.1,4.0,4.0,14.0,16.0,68.0,68.0,137.0,137.0,59.0,59.0,146.0,9.5,5.86,14.9,2.59,5.74,131.0,12.0,9.0
1723,50.92377,29.85221,0.1,0.12,5.0,5.0,19.0,21.0,49.0,49.0,128.0,127.0,67.0,67.0,143.0,3.6,6.74,17.7,4.74,3.74,240.0,22.0,19.0
1735,50.921013,29.571594,0.09,0.1,4.0,4.0,16.0,18.0,66.0,66.0,135.0,135.0,61.0,61.0,156.0,7.9,5.88,15.6,8.02,1.95,159.0,12.0,11.0
1737,50.921013,29.538276,0.09,0.09,4.0,4.0,17.0,18.0,70.0,70.0,131.0,131.0,62.0,62.0,155.0,10.5,5.62,15.4,1.38,11.1,159.0,13.0,11.0
1753,50.91805,29.63337,0.09,0.11,4.0,4.0,14.0,16.0,63.0,63.0,136.0,136.0,64.0,64.0,139.0,8.9,6.66,8.17,0.882,9.27,91.0,9.0,5.0
1757,50.91794,29.66702,0.1,0.1,4.0,4.0,19.0,20.0,60.0,60.0,134.0,133.0,63.0,63.0,130.0,4.0,6.96,14.0,2.01,6.95,60.0,13.0,11.0
1769,50.91771,29.83874,0.09,0.11,2.0,3.0,16.0,18.0,61.0,60.0,133.0,132.0,64.0,64.0,145.0,4.8,6.79,25.6,3.58,7.14,230.0,12.0,13.0
1772,50.91783,29.8523,0.09,0.1,3.0,3.0,18.0,19.0,59.0,58.0,133.0,132.0,64.0,64.0,140.0,9.9,5.26,8.57,2.56,3.35,130.0,18.0,10.0
1782,50.918015,29.952364,0.12,0.13,8.0,10.0,17.0,19.0,41.0,41.0,131.0,131.0,69.0,69.0,115.0,5.7,6.55,46.0,13.8,3.33,545.0,6.0,4.5
1793,50.91496,29.96711,0.1,0.11,5.0,4.0,17.0,19.0,59.0,59.0,134.0,132.0,65.0,65.0,116.0,2.4,6.81,56.1,16.9,3.33,53.0,5.5,5.3
1799,50.91552,29.93895,0.12,0.12,5.0,4.0,17.0,19.0,51.0,51.0,133.0,131.0,66.0,66.0,116.0,2.0,7.65,51.3,7.74,6.64,53.0,6.0,5.0
1803,50.915,29.84282,0.1,0.11,3.0,3.0,17.0,19.0,56.0,56.0,138.0,139.0,64.0,64.0,136.0,33.1,4.26,24.7,2.52,9.81,160.0,14.0,10.0
1807,50.91491,29.64777,0.09,0.09,5.0,5.0,15.0,17.0,57.0,57.0,130.0,130.0,67.0,67.0,146.0,10.1,5.23,18.5,1.13,16.4,120.0,8.0,7.0
1811,50.91179,29.6682,0.09,0.09,4.0,4.0,17.0,19.0,53.0,53.0,136.0,134.0,63.0,63.0,130.0,9.2,6.07,16.9,1.3,13.0,80.0,7.0,6.0
1824,50.908769,30.064622,0.14,0.15,7.0,7.0,12.0,13.0,72.0,73.0,125.0,131.0,55.0,55.0,142.0,45.0,3.68,58.6,9.85,5.95,68.0,13.0,7.0
1826,50.908879,30.037079,0.13,0.14,4.0,5.0,14.0,15.0,74.0,74.0,120.0,126.0,56.0,56.0,140.0,7.9,5.92,78.5,12.5,6.3,42.0,7.0,4.0
1829,50.909004,29.99518,0.11,0.11,4.0,4.0,15.0,16.0,63.0,63.0,119.0,121.0,65.0,65.0,122.0,6.4,5.92,32.5,8.25,3.94,35.0,8.0,8.0
1833,50.908862,29.950215,0.1,0.11,5.0,6.0,16.0,17.0,59.0,60.0,134.0,133.0,64.0,64.0,116.0,3.7,6.83,30.4,10.2,3.0,72.0,10.0,10.0
1836,50.91015,29.90946,0.12,0.12,5.0,5.0,20.0,21.0,48.0,48.0,127.0,127.0,68.0,68.0,118.0,7.8,6.12,12.0,2.5,4.79,108.0,8.0,10.0
1839,50.910072,29.86494,0.09,0.1,5.0,5.0,21.0,23.0,42.0,42.0,129.0,130.0,67.0,67.0,112.0,2.1,7.01,24.7,3.98,6.2,85.0,14.0,9.0
1842,50.909023,29.838133,0.11,0.11,3.0,4.0,17.0,18.0,59.0,58.0,134.0,135.0,62.0,62.0,136.0,15.6,5.27,15.9,5.65,2.82,200.0,21.0,35.0
1843,50.909004,29.823855,0.11,0.13,4.0,4.0,11.0,13.0,73.0,73.0,129.0,133.0,61.0,61.0,153.0,11.2,5.44,18.4,2.31,7.96,84.0,11.0,6.0
1846,50.9085,29.780774,0.12,0.12,8.0,10.0,13.0,14.0,72.0,71.0,116.0,120.0,55.0,55.0,162.0,19.0,5.16,16.9,2.07,8.14,40.0,6.0,4.0
1849,50.908987,29.736924,0.11,0.12,10.0,9.0,12.0,14.0,74.0,73.0,115.0,121.0,55.0,55.0,176.0,17.8,4.72,19.6,1.58,12.4,36.0,8.0,7.0
1852,50.908891,29.695276,0.1,0.1,6.0,5.0,14.0,16.0,75.0,75.0,121.0,127.0,54.0,54.0,148.0,18.5,5.04,11.7,1.23,9.5,35.0,8.0,4.0
1857,50.90976,29.6514,0.09,0.09,4.0,3.0,15.0,16.0,57.0,58.0,136.0,134.0,63.0,63.0,150.0,6.6,6.08,13.5,1.3,10.5,80.0,6.0,5.0
1860,50.909185,29.610752,0.09,0.1,4.0,4.0,18.0,20.0,65.0,65.0,135.0,134.0,66.0,66.0,154.0,10.9,5.18,13.0,1.44,9.05,259.0,19.0,15.0
1864,50.909004,29.566716,0.09,0.1,4.0,4.0,14.0,15.0,59.0,60.0,130.0,129.0,66.0,66.0,156.0,2.5,7.05,14.6,1.11,13.1,132.0,14.0,12.0
1867,50.90913,29.52413,0.09,0.09,4.0,4.0,16.0,18.0,60.0,60.0,134.0,132.0,66.0,66.0,162.0,9.5,5.47,14.3,0.403,35.5,110.0,12.0,6.0
1870,50.909023,29.48116,0.11,0.12,4.0,4.0,19.0,21.0,59.0,59.0,134.0,133.0,63.0,63.0,172.0,0.9,8.13,23.3,1.34,17.4,260.0,18.0,22.0
1873,50.90598,29.6809,0.09,0.11,5.0,5.0,14.0,16.0,60.0,60.0,137.0,135.0,63.0,63.0,136.0,39.2,4.72,16.8,2.38,7.05,131.0,9.0,8.0
1890,50.9006,29.61066,0.1,0.1,3.0,4.0,17.0,19.0,64.0,64.0,142.0,140.0,61.0,61.0,148.0,14.3,4.96,37.0,1.91,19.4,116.0,12.0,6.0
1918,50.900031,29.995201,0.15,0.17,6.0,5.0,14.0,16.0,70.0,70.0,114.0,123.0,59.0,59.0,141.0,45.0,3.63,31.2,12.6,2.48,20.0,4.0,3.0
1928,50.897033,29.502,0.11,0.12,3.0,3.0,18.0,19.0,70.0,70.0,138.0,136.0,60.0,60.0,171.0,3.4,6.59,20.2,2.54,7.95,195.0,15.0,13.0
1933,50.8945,29.7048,0.09,0.09,5.0,4.0,14.0,16.0,70.0,70.0,134.0,135.0,60.0,61.0,125.0,17.4,5.06,19.5,1.47,13.3,84.0,7.0,5.0
1969,50.89129,29.61509,0.1,0.11,4.0,4.0,14.0,16.0,70.0,70.0,134.0,134.0,62.0,62.0,144.0,14.3,5.35,27.4,3.04,9.01,89.5,9.0,6.0
1985,50.885522,29.986943,0.1,0.1,4.0,4.0,15.0,17.0,66.0,66.0,128.0,128.0,64.0,64.0,121.0,13.2,5.38,55.9,15.8,3.54,70.0,9.0,6.0
1988,50.885042,29.885729,0.09,0.1,5.0,5.0,20.0,21.0,65.0,65.0,135.0,133.0,64.0,64.0,123.0,19.5,5.25,44.2,6.73,6.57,80.0,7.0,4.5
1989,50.88525,29.71897,0.1,0.11,5.0,5.0,17.0,19.0,63.0,63.0,138.0,137.0,62.0,62.0,125.0,8.3,5.6,26.2,0.828,31.7,80.0,9.0,5.0
1995,50.88231,29.5246,0.09,0.1,5.0,5.0,12.0,14.0,75.0,75.0,127.0,128.0,58.0,58.0,163.0,6.8,6.46,14.0,0.72,19.5,93.0,9.0,5.0
1996,50.88234,29.53874,0.1,0.11,4.0,4.0,16.0,18.0,76.0,76.0,136.0,135.0,59.0,59.0,157.0,16.0,4.77,14.3,0.747,19.2,124.0,11.0,7.5
1999,50.88215,29.55243,0.09,0.1,4.0,4.0,16.0,17.0,66.0,66.0,136.0,136.0,62.0,62.0,150.0,16.1,5.46,8.76,0.698,12.6,106.0,16.0,7.0
2001,50.88246,29.56604,0.1,0.11,4.0,5.0,14.0,15.0,75.0,75.0,126.0,128.0,57.0,57.0,146.0,17.6,5.94,19.8,1.41,14.1,126.0,13.5,10.0
2004,50.882024,29.609562,0.09,0.1,5.0,5.0,11.0,12.0,74.0,74.0,122.0,129.0,56.0,56.0,146.0,15.1,5.57,17.5,1.4,12.4,61.0,8.0,3.0
2007,50.881535,29.653384,0.12,0.13,6.0,5.0,11.0,12.0,74.0,75.0,119.0,124.0,57.0,57.0,149.0,45.0,4.31,15.0,7.2,2.08,661.0,6.0,4.0
2010,50.88203,29.69548,0.09,0.11,5.0,5.0,13.0,15.0,76.0,76.0,130.0,130.0,54.0,54.0,131.0,44.6,4.31,19.8,1.56,12.7,71.0,7.0,5.0
2014,50.88208,29.73746,0.09,0.11,5.0,4.0,16.0,18.0,74.0,74.0,126.0,131.0,57.0,57.0,146.0,29.8,4.76,34.2,2.75,12.5,84.0,10.0,8.0
2017,50.882024,29.781016,0.09,0.1,5.0,5.0,15.0,15.0,74.0,74.0,124.0,126.0,56.0,56.0,157.0,15.6,4.82,32.1,1.97,16.3,60.0,4.0,3.4
2020,50.882024,29.823794,0.1,0.11,8.0,8.0,12.0,13.0,74.0,75.0,115.0,123.0,54.0,54.0,140.0,26.2,4.53,26.9,1.79,15.0,83.0,8.5,6.0
2023,50.882024,29.866694,0.11,0.11,5.0,7.0,20.0,21.0,53.0,53.0,130.0,129.0,65.0,65.0,114.0,6.2,5.63,31.7,3.43,9.24,53.0,11.0,4.5
2028,50.882044,29.909528,0.12,0.12,5.0,5.0,13.0,14.0,79.0,79.0,118.0,125.0,55.0,55.0,154.0,33.9,4.51,36.2,6.55,5.53,71.0,13.0,5.0
2031,50.882024,29.952371,0.11,0.12,7.0,7.0,13.0,14.0,75.0,75.0,119.0,124.0,56.0,56.0,141.0,8.8,5.37,32.8,7.16,4.58,40.0,6.0,5.0
2035,50.882044,29.995201,0.1,0.12,6.0,6.0,14.0,16.0,74.0,75.0,125.0,131.0,60.0,60.0,139.0,27.1,4.41,29.7,4.5,6.6,54.0,5.0,4.0
2041,50.882024,30.080888,0.12,0.13,5.0,5.0,13.0,14.0,73.0,73.0,121.0,127.0,57.0,57.0,136.0,27.5,4.7,33.0,6.61,4.99,40.0,10.0,4.0
2044,50.879047,29.87621,0.09,0.1,5.0,5.0,20.0,21.0,56.0,56.0,130.0,129.0,64.0,64.0,126.0,20.0,5.18,27.9,10.4,2.67,118.0,8.0,9.0
2046,50.879047,29.847653,0.1,0.11,5.0,5.0,17.0,19.0,64.0,64.0,129.0,129.0,63.0,63.0,115.0,4.8,6.5,31.5,5.9,5.33,78.0,16.0,5.0
2075,50.873052,29.838133,0.09,0.1,5.0,5.0,18.0,19.0,56.0,56.0,125.0,125.0,64.0,64.0,118.0,10.0,5.51,11.5,2.38,4.82,52.0,8.0,4.5
2096,50.87312,29.54792,0.12,0.13,4.0,4.0,15.0,17.0,77.0,78.0,133.0,134.0,59.0,59.0,173.0,31.5,4.19,17.5,1.5,11.7,57.0,12.0,5.0
2102,50.870054,29.86669,0.1,0.09,3.0,4.0,17.0,18.0,47.0,47.0,122.0,126.0,61.0,61.0,134.0,12.4,5.8,36.4,4.11,8.86,100.0,22.0,7.0
2104,50.87019,29.99148,0.1,0.11,5.0,5.0,15.0,16.0,74.0,74.0,128.0,129.0,58.0,58.0,127.0,27.1,4.77,27.7,8.13,3.41,60.0,7.0,5.0
2127,50.86394,29.73887,0.09,0.09,5.0,5.0,20.0,21.0,57.0,57.0,132.0,132.0,65.0,65.0,118.0,4.5,6.62,34.3,10.9,3.16,116.0,17.0,13.0
2135,50.86406,29.852412,0.09,0.1,4.0,4.0,17.0,18.0,61.0,62.0,128.0,129.0,63.0,63.0,117.0,19.4,4.7,28.1,2.25,12.5,84.0,16.0,6.0
2145,50.86422,29.995201,0.11,0.14,5.0,5.0,14.0,16.0,73.0,74.0,131.0,131.0,61.0,61.0,127.0,26.5,5.33,44.2,14.6,3.03,76.0,7.0,6.0
2153,50.86163,30.05635,0.1,0.1,4.0,4.0,17.0,19.0,59.0,58.0,133.0,131.0,65.0,65.0,126.0,5.2,6.17,52.7,11.6,4.56,65.0,8.0,6.0
2160,50.86114,29.55719,0.1,0.11,4.0,4.0,16.0,17.0,63.0,63.0,133.0,132.0,64.0,64.0,163.0,17.0,5.01,22.8,1.88,12.1,136.0,13.0,9.0
2176,50.855044,30.066608,0.12,0.12,5.0,5.0,17.0,17.0,51.0,51.0,131.0,131.0,68.0,68.0,125.0,6.2,6.68,24.9,7.35,3.4,90.0,9.0,5.0
2179,50.85485,30.03866,0.11,0.13,6.0,5.0,15.0,17.0,65.0,65.0,122.0,127.0,61.0,61.0,135.0,11.9,5.72,42.2,3.78,11.2,70.0,6.0,5.0
2182,50.85492,29.99515,0.12,0.14,4.0,4.0,15.0,17.0,65.0,65.0,131.0,128.0,65.0,65.0,132.0,12.3,5.45,64.8,15.2,4.26,150.0,13.0,10.0
2185,50.85538,29.98096,0.11,0.11,4.0,4.0,18.0,20.0,64.0,63.0,132.0,130.0,65.0,65.0,126.0,14.7,5.6,46.7,6.33,7.39,120.0,11.0,8.0
2187,50.85519,29.96151,0.1,0.11,4.0,4.0,19.0,21.0,59.0,59.0,135.0,134.0,66.0,66.0,129.0,11.5,5.86,76.0,4.25,17.9,120.0,9.0,9.0
2188,50.85513,29.9514,0.12,0.13,4.0,4.0,18.0,19.0,57.0,57.0,130.0,130.0,67.0,67.0,134.0,1.6,7.18,41.6,6.75,6.17,170.0,11.0,10.0
2191,50.855044,29.909532,0.1,0.12,4.0,4.0,17.0,18.0,64.0,64.0,129.0,128.0,62.0,63.0,145.0,16.8,5.89,27.3,7.1,3.84,160.0,11.0,10.0
2194,50.855067,29.86669,0.11,0.11,6.0,6.0,10.0,11.0,77.0,78.0,115.0,123.0,54.0,54.0,163.0,11.4,5.87,25.2,1.51,16.7,45.0,7.0,5.0
2197,50.85502,29.824691,0.1,0.11,7.0,7.0,18.0,20.0,47.0,47.0,129.0,130.0,65.0,65.0,114.0,3.8,6.57,34.9,6.31,5.53,38.0,8.0,4.0
2200,50.8553,29.78149,0.1,0.1,8.0,8.0,16.0,18.0,64.0,64.0,116.0,122.0,55.0,55.0,138.0,26.6,5.03,20.4,2.16,9.44,55.0,7.0,5.0
2203,50.85599,29.73814,0.1,0.11,6.0,5.0,20.0,21.0,48.0,48.0,132.0,131.0,67.0,67.0,118.0,6.3,5.89,20.2,2.95,6.87,70.0,9.0,6.0
2206,50.85507,29.72476,0.1,0.1,5.0,5.0,19.0,21.0,56.0,56.0,129.0,128.0,67.0,67.0,116.0,7.4,6.53,20.5,3.73,5.5,96.0,15.0,6.0
2209,50.85513,29.70952,0.09,0.09,4.0,4.0,18.0,19.0,58.0,58.0,131.0,131.0,63.0,63.0,127.0,20.6,5.25,22.5,2.44,9.19,80.0,6.0,4.0
2210,50.85502,29.69525,0.09,0.09,5.0,5.0,14.0,15.0,71.0,70.0,117.0,123.0,57.0,58.0,169.0,38.7,3.92,18.7,1.85,10.1,67.0,7.0,4.0
2213,50.855044,29.652408,0.09,0.11,7.0,7.0,12.0,13.0,74.0,74.0,117.0,123.0,54.0,54.0,159.0,42.3,3.81,22.7,0.998,22.8,60.0,8.0,4.0
2216,50.855067,29.60967,0.09,0.1,7.0,7.0,11.0,12.0,76.0,75.0,123.0,128.0,55.0,55.0,175.0,25.8,4.26,15.7,0.547,28.7,50.0,7.0,6.0
2219,50.855485,29.566641,0.14,0.15,4.0,4.0,13.0,14.0,68.0,67.0,133.0,134.0,57.0,57.0,165.0,45.0,4.11,17.6,6.21,2.83,192.0,19.0,9.0
2222,50.854414,29.524199,0.1,0.11,4.0,4.0,19.0,21.0,52.0,52.0,134.0,133.0,65.0,65.0,167.0,1.8,7.44,17.8,0.687,25.8,230.0,15.0,15.0
2266,50.84633,29.72407,0.1,0.11,8.0,8.0,20.0,22.0,48.0,48.0,126.0,125.0,69.0,69.0,119.0,23.0,4.71,26.1,3.24,8.06,108.0,18.0,7.0
2269,50.8461,29.7384,0.1,0.12,6.0,6.0,18.0,19.0,47.0,47.0,126.0,115.0,69.0,69.0,120.0,13.7,5.18,21.1,3.17,6.66,88.0,7.0,6.0
2286,50.846,29.9565,0.1,0.11,4.0,4.0,18.0,19.0,60.0,60.0,137.0,135.0,65.0,65.0,129.0,6.6,5.58,44.7,7.02,6.36,170.0,14.0,10.0
2289,50.84558,29.98077,0.09,0.1,3.0,4.0,18.0,19.0,61.0,61.0,133.0,131.0,65.0,65.0,131.0,3.6,6.56,42.2,12.7,3.33,151.0,12.0,11.0
2297,50.84552,30.06597,0.09,0.09,4.0,4.0,15.0,16.0,49.0,49.0,131.0,130.0,67.0,67.0,126.0,13.2,5.78,25.8,9.95,2.59,120.0,10.0,7.0
2300,50.84613,30.08079,0.09,0.09,5.0,4.0,15.0,15.0,45.0,46.0,132.0,132.0,68.0,68.0,123.0,10.4,5.27,25.8,6.25,4.14,150.0,13.0,10.0
2309,50.84361,29.8196,0.09,0.1,7.0,7.0,16.0,18.0,57.0,58.0,125.0,126.0,61.0,61.0,122.0,39.5,4.49,21.9,3.76,5.84,50.0,7.0,4.0
2316,50.84024,29.53695,0.11,0.11,4.0,4.0,17.0,19.0,58.0,57.0,133.0,132.0,63.0,63.0,158.0,11.5,5.64,21.7,1.31,16.6,207.0,19.0,11.0
2318,50.8405,29.54701,0.1,0.11,4.0,4.0,17.0,19.0,60.0,60.0,135.0,134.0,63.0,63.0,158.0,6.6,5.51,24.7,1.9,13.0,156.0,15.0,8.0
2324,50.84052,29.67177,0.1,0.11,4.0,4.0,19.0,20.0,56.0,56.0,131.0,129.0,65.0,65.0,140.0,16.9,4.68,23.1,11.7,1.98,233.0,14.0,13.0
2330,50.84004,29.94798,0.1,0.11,3.0,3.0,16.0,17.0,63.0,63.0,133.0,132.0,62.0,62.0,127.0,13.4,5.94,49.2,11.3,4.37,190.0,13.0,12.0
2333,50.83739,30.07978,0.08,0.09,5.0,4.0,15.0,16.0,53.0,54.0,135.0,135.0,68.0,68.0,122.0,15.5,5.47,27.1,7.77,3.49,250.0,25.0,19.0
2335,50.837058,30.052328,0.1,0.13,6.0,6.0,16.0,16.0,54.0,54.0,131.0,129.0,63.0,63.0,129.0,20.4,4.93,38.8,2.35,16.5,99.0,11.0,6.0
2353,50.83717,29.80961,0.09,0.1,5.0,5.0,19.0,20.0,61.0,61.0,129.0,126.0,65.0,66.0,126.0,15.7,5.59,30.4,2.95,10.3,140.0,7.0,8.0
2368,50.83714,29.66121,0.09,0.09,3.0,3.0,19.0,20.0,56.0,56.0,134.0,132.0,66.0,66.0,143.0,7.3,5.89,28.1,2.31,12.2,70.0,8.5,5.0
2371,50.83716,29.64882,0.1,0.1,3.0,3.0,19.0,20.0,54.0,55.0,135.0,134.0,63.0,63.0,143.0,6.3,6.27,24.2,2.96,8.19,129.0,15.0,8.0
2386,50.83403,29.52908,0.1,0.1,4.0,4.0,16.0,17.0,59.0,59.0,131.0,131.0,62.0,62.0,161.0,4.7,6.48,31.7,1.76,18.0,271.0,20.0,18.0
2388,50.83419,29.55745,0.1,0.1,4.0,4.0,17.0,19.0,56.0,57.0,137.0,136.0,63.0,63.0,155.0,8.0,5.84,23.9,1.77,13.5,196.0,18.0,12.0
2396,50.83407,29.79894,0.1,0.11,5.0,5.0,18.0,20.0,55.0,55.0,126.0,128.0,70.0,70.0,122.0,4.9,6.79,42.2,5.61,7.53,74.0,5.0,5.0
2398,50.833328,29.937748,0.1,0.12,4.0,4.0,12.0,14.0,76.0,78.0,131.0,132.0,58.0,58.0,145.0,15.3,5.38,40.9,9.8,4.18,60.0,7.0,5.0
2406,50.83024,29.78474,0.09,0.09,7.0,7.0,17.0,19.0,60.0,60.0,117.0,120.0,65.0,65.0,123.0,15.5,4.87,26.8,2.61,10.3,44.0,6.0,4.0
2409,50.831086,29.771498,0.09,0.09,8.0,9.0,15.0,16.0,61.0,61.0,128.0,128.0,63.0,63.0,122.0,16.6,5.36,25.5,1.71,14.9,50.0,5.0,4.0
2413,50.83147,29.519772,0.1,0.11,4.0,4.0,16.0,18.0,62.0,62.0,132.0,132.0,60.0,60.0,160.0,21.4,4.99,29.4,1.66,17.8,164.0,15.0,10.0
2414,50.82844,29.523211,0.09,0.09,3.0,4.0,14.0,16.0,66.0,66.0,132.0,132.0,61.0,61.0,161.0,9.2,5.8,19.3,1.32,14.6,117.0,11.0,7.0
2416,50.82792,29.56786,0.09,0.1,3.0,3.0,17.0,19.0,55.0,54.0,137.0,136.0,61.0,61.0,153.0,3.3,6.44,24.2,0.692,34.9,141.0,12.0,8.0
2418,50.828065,29.595381,0.09,0.1,3.0,3.0,15.0,16.0,67.0,67.0,135.0,134.0,64.0,63.0,132.0,18.8,5.31,18.2,0.591,30.8,140.0,8.0,8.0
2421,50.82841,29.6095,0.09,0.09,4.0,3.0,17.0,18.0,65.0,65.0,132.0,133.0,64.0,64.0,145.0,8.8,5.95,20.8,1.8,11.5,70.0,9.0,5.0
2424,50.8291,29.65034,0.09,0.11,4.0,5.0,20.0,21.0,55.0,54.0,131.0,129.0,67.0,67.0,118.0,18.3,5.64,19.9,1.5,13.3,102.0,19.0,13.0
2427,50.828443,29.697905,0.09,0.1,7.0,7.0,18.0,19.0,50.0,50.0,126.0,128.0,66.0,66.0,118.0,6.6,5.83,14.0,1.89,7.43,88.0,12.0,13.0
2430,50.82842,29.7381,0.09,0.1,7.0,7.0,13.0,15.0,65.0,65.0,115.0,118.0,58.0,58.0,122.0,6.0,7.01,22.7,3.71,6.14,60.0,5.0,5.0
2433,50.8279,29.78119,0.1,0.11,10.0,7.0,13.0,15.0,68.0,68.0,118.0,122.0,60.0,59.0,133.0,4.6,7.36,14.0,1.54,9.11,50.0,5.0,4.0
2435,50.828089,29.795297,0.1,0.11,4.0,4.0,16.0,18.0,60.0,60.0,119.0,122.0,66.0,66.0,131.0,23.7,4.56,77.0,10.8,7.12,60.0,6.0,4.0
2438,50.82773,29.82307,0.1,0.11,8.0,7.0,11.0,12.0,68.0,68.0,118.0,124.0,58.0,58.0,142.0,16.1,5.51,28.3,3.88,7.28,57.0,8.0,5.0
2441,50.828065,29.866694,0.11,0.12,11.0,10.0,10.0,11.0,70.0,70.0,106.0,114.0,53.0,53.0,160.0,23.2,4.62,20.4,2.33,8.76,50.0,5.0,4.0
2444,50.82973,29.90933,0.11,0.13,6.0,5.0,11.0,13.0,70.0,70.0,123.0,125.0,56.0,56.0,133.0,10.9,5.71,29.2,6.99,4.17,80.0,7.0,6.0
2447,50.828089,29.952364,0.11,0.13,6.0,6.0,12.0,13.0,77.0,78.0,120.0,125.0,55.0,56.0,139.0,14.3,5.53,38.8,3.9,9.94,57.0,8.0,5.0
2450,50.828065,29.99521,0.12,0.14,4.0,4.0,11.0,12.0,74.0,74.0,131.0,133.0,56.0,56.0,136.0,8.3,5.91,46.7,11.5,4.04,199.0,21.0,13.0
2453,50.828089,30.038037,0.11,0.13,3.0,3.0,14.0,15.0,73.0,73.0,127.0,131.0,58.0,58.0,134.0,6.3,6.54,24.4,5.67,4.3,252.0,17.0,16.0
2456,50.827524,30.081477,0.09,0.1,4.0,4.0,16.0,17.0,56.0,56.0,130.0,129.0,66.0,66.0,125.0,2.8,6.56,25.2,3.76,6.71,140.0,10.0,8.0
2460,50.8251,30.09468,0.1,0.1,7.0,7.0,15.0,16.0,57.0,57.0,128.0,127.0,66.0,66.0,128.0,5.6,6.67,26.9,11.4,2.37,90.0,10.0,6.0
2487,50.81948,29.89986,0.1,0.11,4.0,4.0,18.0,19.0,62.0,62.0,136.0,134.0,64.0,64.0,132.0,12.7,5.12,37.9,7.52,5.05,90.0,9.0,6.0
2510,50.81923,29.59508,0.1,0.11,3.0,3.0,18.0,20.0,59.0,59.0,131.0,130.0,65.0,65.0,145.0,3.3,6.94,23.9,2.13,11.2,170.0,12.0,11.0
2513,50.81824,29.58169,0.11,0.11,3.0,3.0,15.0,18.0,63.0,62.0,135.0,134.0,64.0,64.0,137.0,41.1,4.64,22.0,1.76,12.4,190.0,14.0,13.0
2524,50.816099,29.638228,0.1,0.11,5.0,5.0,16.0,17.0,55.0,55.0,126.0,125.0,68.0,68.0,122.0,5.5,6.52,30.8,3.41,9.04,70.0,6.0,5.0
2544,50.810078,29.581102,0.1,0.1,4.0,4.0,17.0,18.0,60.0,60.0,132.0,131.0,66.0,66.0,146.0,18.0,4.93,26.8,2.12,12.7,80.0,7.0,6.0
2570,50.81033,29.91423,0.1,0.1,5.0,5.0,16.0,17.0,59.0,59.0,130.0,131.0,64.0,64.0,134.0,22.7,4.87,43.8,10.5,4.17,96.0,11.0,8.0
2591,50.800511,30.08088,0.1,0.11,5.0,5.0,14.0,16.0,53.0,53.0,124.0,125.0,65.0,65.0,123.0,8.9,6.39,33.1,9.11,3.63,50.0,11.0,9.0
2595,50.80111,30.038037,0.1,0.11,5.0,5.0,15.0,16.0,63.0,63.0,129.0,128.0,66.0,66.0,133.0,12.0,5.22,40.1,6.62,6.05,50.0,8.0,4.0
2597,50.801379,30.008669,0.11,0.12,4.0,4.0,13.0,15.0,59.0,59.0,131.0,130.0,61.0,61.0,136.0,4.2,6.4,33.7,10.4,3.23,120.0,8.0,7.0
2600,50.801488,29.995708,0.1,0.1,5.0,5.0,14.0,15.0,62.0,63.0,132.0,134.0,63.0,63.0,138.0,10.2,5.39,51.8,10.1,5.12,100.0,8.0,7.0
2603,50.800727,29.951162,0.12,0.13,7.0,6.0,11.0,12.0,76.0,76.0,113.0,122.0,51.0,52.0,152.0,18.3,5.24,34.7,11.7,2.98,50.0,8.0,6.0
2606,50.80116,29.91087,0.09,0.1,5.0,5.0,15.0,17.0,63.0,63.0,132.0,134.0,62.0,62.0,134.0,7.9,5.43,39.4,10.8,3.63,76.0,7.0,5.0
2609,50.801085,29.86691,0.1,0.1,4.0,4.0,14.0,15.0,65.0,65.0,132.0,132.0,58.0,58.0,131.0,5.7,6.38,20.7,2.91,7.11,80.0,8.0,7.0
2612,50.80162,29.82391,0.11,0.11,11.0,10.0,13.0,13.0,73.0,73.0,115.0,124.0,54.0,54.0,155.0,2.6,7.53,21.3,1.87,11.4,48.0,5.0,3.0
2618,50.80108,29.737545,0.08,0.09,11.0,11.0,11.0,12.0,64.0,64.0,112.0,118.0,51.0,52.0,150.0,20.0,5.46,13.2,1.25,10.5,60.0,6.0,4.0
2621,50.800773,29.695775,0.09,0.09,8.0,8.0,14.0,15.0,65.0,65.0,115.0,122.0,56.0,56.0,155.0,25.1,4.38,15.1,1.92,7.85,50.0,6.0,4.0
2624,50.800875,29.652148,0.09,0.11,8.0,7.0,14.0,16.0,69.0,70.0,111.0,120.0,60.0,60.0,144.0,20.9,4.57,25.4,2.0,12.7,44.0,7.0,5.0
2627,50.80111,29.60967,0.11,0.11,7.0,7.0,16.0,17.0,60.0,60.0,128.0,127.0,64.0,64.0,129.0,24.3,4.81,16.5,1.79,9.2,50.0,4.0,4.0
2633,50.80115,29.52336,0.11,0.12,4.0,4.0,18.0,19.0,58.0,58.0,136.0,135.0,63.0,63.0,149.0,6.0,6.72,19.8,1.7,11.6,220.0,14.0,17.0
2638,50.79814,29.5096,0.09,0.09,3.0,3.0,15.0,17.0,67.0,67.0,133.0,134.0,62.0,62.0,154.0,6.0,6.06,27.2,2.25,12.1,100.0,9.0,6.0
2644,50.795115,30.052317,0.1,0.11,4.0,4.0,20.0,21.0,50.0,50.0,135.0,133.0,68.0,68.0,130.0,10.3,5.11,32.3,5.8,5.57,45.0,7.0,5.0
2648,50.795115,30.033279,0.1,0.11,5.0,5.0,18.0,19.0,56.0,56.0,129.0,128.0,67.0,67.0,137.0,9.7,5.93,28.4,4.54,6.27,188.0,15.0,12.0
2653,50.79279,29.52362,0.1,0.12,4.0,4.0,15.0,17.0,67.0,67.0,134.0,136.0,63.0,63.0,150.0,3.0,6.59,25.5,2.22,11.5,100.0,7.0,7.0
2695,50.78891,29.55187,0.08,0.1,4.0,4.0,20.0,21.0,57.0,57.0,131.0,131.0,65.0,65.0,140.0,31.6,4.56,28.2,2.09,13.5,134.0,14.0,9.0
2709,50.78651,29.53798,0.09,0.1,4.0,4.0,19.0,21.0,61.0,60.0,134.0,133.0,58.0,59.0,137.0,29.7,4.8,21.1,2.18,9.68,220.0,17.0,14.0
2750,50.78292,29.52433,0.11,0.11,4.0,4.0,16.0,18.0,69.0,69.0,132.0,130.0,58.0,58.0,144.0,14.7,5.1,25.7,2.96,8.7,80.0,10.0,5.0
2753,50.78271,29.51032,0.08,0.09,3.0,3.0,14.0,15.0,70.0,71.0,132.0,133.0,58.0,57.0,143.0,30.7,5.01,22.6,1.7,13.3,70.0,8.0,7.0
2761,50.774105,29.481023,0.12,0.12,4.0,5.0,17.0,18.0,60.0,59.0,118.0,125.0,62.0,62.0,148.0,25.4,5.04,21.1,1.23,17.2,55.0,8.0,4.0
2763,50.77541,29.52476,0.09,0.1,6.0,6.0,17.0,18.0,48.0,48.0,122.0,124.0,60.0,60.0,123.0,4.9,6.72,20.5,1.0,20.4,210.0,22.0,26.0
2765,50.772658,29.565394,0.11,0.13,5.0,5.0,19.0,21.0,50.0,50.0,132.0,131.0,65.0,65.0,122.0,1.6,7.72,17.9,1.37,13.0,266.0,42.0,31.0
2768,50.774105,29.652408,0.09,0.1,6.0,5.0,13.0,14.0,77.0,77.0,121.0,127.0,55.0,55.0,152.0,24.9,4.56,16.6,1.83,9.07,51.0,6.0,4.0
2771,50.774132,29.695343,0.09,0.1,5.0,4.0,11.0,12.0,72.0,73.0,104.0,109.0,55.0,55.0,158.0,41.4,4.4,16.3,1.63,10.1,70.0,10.0,5.0
2774,50.774132,29.738181,0.1,0.12,9.0,9.0,10.0,11.0,72.0,72.0,117.0,124.0,54.0,54.0,152.0,9.8,5.52,12.4,2.31,5.36,60.0,8.0,4.0
2777,50.774105,29.780948,0.1,0.1,7.0,6.0,13.0,14.0,67.0,67.0,128.0,130.0,62.0,62.0,139.0,5.9,6.63,21.8,3.74,5.83,55.0,10.0,5.0
2781,50.774105,29.952371,0.1,0.1,6.0,5.0,10.0,12.0,74.0,73.0,121.0,129.0,52.0,52.0,158.0,12.5,5.28,25.8,5.61,4.59,30.0,6.0,4.0
2784,50.774105,29.99521,0.13,0.13,5.0,5.0,11.0,12.0,77.0,78.0,116.0,124.0,52.0,53.0,142.0,8.1,5.69,31.6,7.25,4.36,84.0,11.0,6.0
2787,50.774132,30.038037,0.11,0.12,7.0,8.0,14.0,15.0,64.0,64.0,122.0,127.0,60.0,60.0,143.0,7.7,5.55,22.7,3.99,5.7,96.0,8.0,5.5
2802,51.151822,29.823855,0.09,0.1,5.0,5.0,17.0,18.0,53.0,53.0,138.0,136.0,60.0,59.0,136.0,5.5,5.91,26.0,2.42,10.7,40.0,8.0,7.0
2811,51.123834,29.781093,0.09,0.09,6.0,5.0,16.0,18.0,60.0,60.0,133.0,132.0,61.0,61.0,128.0,13.3,5.48,7.7,2.17,3.55,40.0,8.0,7.0
2817,51.152105,29.778549,0.11,0.12,5.0,5.0,11.0,12.0,76.0,76.0,129.0,129.0,54.0,54.0,139.0,24.0,4.56,22.0,4.39,5.0,54.0,5.0,3.0
2818,51.12511,29.73936,0.09,0.1,8.0,8.0,10.0,11.0,67.0,68.0,120.0,125.0,57.0,57.0,144.0,30.3,4.61,7.25,1.21,5.97,48.0,4.0,3.3
2819,51.152375,29.739076,0.09,0.1,3.0,3.0,15.0,16.0,66.0,66.0,133.0,131.0,62.0,62.0,144.0,8.3,5.53,10.3,1.3,7.93,110.0,11.0,9.0
2820,51.151822,29.695338,0.1,0.11,7.0,6.0,9.0,11.0,78.0,79.0,119.0,126.0,53.0,53.0,163.0,27.4,4.96,14.5,1.91,7.57,90.0,13.0,6.0
2821,51.12492,29.696735,0.09,0.1,6.0,5.0,11.0,12.0,74.0,74.0,121.0,127.0,58.0,58.0,157.0,30.4,4.2,11.6,0.644,17.9,50.0,7.0,5.0
2822,51.125291,29.656334,0.1,0.12,4.0,4.0,16.0,17.0,58.0,57.0,136.0,135.0,63.0,63.0,143.0,6.7,6.28,13.6,1.79,7.59,156.0,26.0,22.0
2823,51.097862,29.695255,0.1,0.1,5.0,4.0,15.0,17.0,70.0,70.0,125.0,126.0,61.0,61.0,141.0,26.8,4.73,8.62,1.91,4.51,90.0,11.0,10.0
2824,51.070635,29.735813,0.1,0.1,9.0,8.0,11.0,12.0,69.0,68.0,122.0,128.0,54.0,54.0,152.0,14.5,5.26,12.5,0.986,12.7,120.0,8.0,8.0
2825,51.072272,29.694579,0.09,0.1,4.0,5.0,15.0,17.0,57.0,57.0,138.0,139.0,64.0,64.0,138.0,9.3,5.62,9.01,6.97,1.29,143.0,14.0,8.0
2826,51.0435,29.65191,0.14,0.16,3.0,4.0,17.0,18.0,52.0,52.0,135.0,136.0,65.0,65.0,159.0,4.5,6.17,13.1,2.71,4.85,317.0,27.0,19.0
2827,51.043935,29.607021,0.1,0.1,3.0,3.0,18.0,19.0,54.0,54.0,135.0,133.0,63.0,63.0,166.0,4.3,6.95,16.1,1.15,14.0,221.0,18.0,14.0
2828,51.043315,29.566834,0.1,0.1,4.0,4.0,17.0,18.0,60.0,60.0,131.0,131.0,61.0,61.0,180.0,28.9,4.29,21.1,1.69,12.5,218.0,18.0,13.0
2829,51.043903,29.523869,0.1,0.11,4.0,4.0,17.0,18.0,63.0,62.0,131.0,132.0,59.0,59.0,182.0,12.0,5.39,12.5,0.467,26.8,262.0,14.0,15.0
2830,51.070883,29.523869,0.1,0.11,4.0,4.0,18.0,20.0,59.0,59.0,138.0,136.0,62.0,62.0,182.0,13.5,5.2,8.85,4.2,2.1,250.0,15.0,15.0
2831,51.070892,29.480208,0.09,0.1,3.0,3.0,17.0,19.0,65.0,65.0,137.0,136.0,63.0,63.0,182.0,9.7,5.46,35.7,1.5,23.8,200.0,10.0,11.0
2832,51.043914,29.48116,0.12,0.12,9.0,9.0,12.0,14.0,73.0,73.0,125.0,129.0,56.0,56.0,192.0,16.0,5.66,17.6,0.36,49.0,100.0,6.0,5.0
2833,51.043903,29.438176,0.11,0.12,5.0,5.0,18.0,19.0,56.0,56.0,133.0,131.0,64.0,63.0,175.0,4.3,6.27,66.1,1.03,63.9,70.0,9.0,7.0
2834,51.016936,29.438323,0.12,0.13,4.0,4.0,17.0,19.0,61.0,61.0,140.0,139.0,62.0,62.0,173.0,7.0,6.05,39.2,1.36,28.8,297.0,15.0,17.0
2835,50.988598,29.438219,0.11,0.12,4.0,4.0,17.0,18.0,56.0,55.0,132.0,131.0,61.0,61.0,161.0,6.2,6.86,23.7,0.641,36.9,118.0,20.0,9.0
2836,50.989943,29.39533,0.12,0.13,5.0,5.0,11.0,12.0,68.0,68.0,123.0,124.0,62.0,62.0,183.0,21.0,4.97,31.5,0.866,36.4,100.0,9.0,6.0
2837,50.962981,29.395487,0.09,0.09,3.0,3.0,13.0,14.0,68.0,68.0,130.0,131.0,61.0,61.0,178.0,5.0,6.47,25.1,0.736,34.2,140.0,9.0,9.0
2838,50.93645,29.438323,0.11,0.13,3.0,3.0,19.0,20.0,56.0,56.0,137.0,138.0,63.0,63.0,173.0,7.3,5.67,29.4,1.65,17.8,235.0,22.0,13.0
2839,50.90868,29.4383,0.09,0.1,4.0,5.0,12.0,14.0,68.0,69.0,127.0,128.0,56.0,56.0,190.0,14.7,5.43,21.4,0.756,28.3,106.0,14.0,7.0
2840,50.882024,29.481023,0.08,0.1,4.0,3.0,15.0,16.0,69.0,70.0,130.0,131.0,60.0,60.0,176.0,5.9,5.84,17.4,1.13,15.5,90.0,9.0,8.0
2841,50.855044,29.481023,0.08,0.09,4.0,4.0,19.0,20.0,58.0,58.0,134.0,132.0,63.0,63.0,174.0,2.2,7.56,17.1,0.846,20.2,55.0,8.0,4.0
2842,50.827867,29.478841,0.1,0.11,6.0,5.0,13.0,14.0,62.0,62.0,128.0,129.0,58.0,58.0,178.0,22.1,4.79,23.5,1.11,21.2,122.0,15.0,8.0
2843,50.800762,29.479558,0.1,0.11,5.0,6.0,13.0,15.0,73.0,73.0,131.0,132.0,57.0,57.0,168.0,27.4,4.36,19.2,1.19,16.1,64.0,8.0,5.0
2844,50.773533,29.438323,0.09,0.09,4.0,4.0,16.0,18.0,48.0,48.0,131.0,133.0,66.0,66.0,150.0,4.6,5.98,16.8,0.775,21.6,83.0,13.0,5.0
2845,50.7463,29.47899,0.09,0.1,5.0,5.0,10.0,12.0,75.0,75.0,119.0,125.0,55.0,55.0,133.0,27.7,4.74,16.8,0.919,18.3,54.0,7.0,3.0
2846,50.747125,29.523869,0.1,0.13,8.0,8.0,13.0,14.0,75.0,75.0,113.0,120.0,51.0,51.0,143.0,36.4,4.77,9.96,2.8,3.55,48.0,6.0,4.0
2847,50.747125,29.566822,0.1,0.1,5.0,6.0,13.0,14.0,71.0,71.0,115.0,123.0,56.0,56.0,143.0,42.6,3.97,11.8,0.873,13.6,45.0,10.0,4.0
2848,50.774105,29.609562,0.1,0.12,9.0,10.0,13.0,14.0,64.0,65.0,111.0,115.0,64.0,64.0,129.0,4.6,6.87,12.0,1.97,6.08,42.0,11.0,7.0
2849,50.747154,29.60967,0.1,0.15,5.0,5.0,12.0,13.0,73.0,73.0,121.0,127.0,57.0,57.0,159.0,45.0,3.69,18.6,2.83,6.58,50.0,7.0,6.0
2850,50.747154,29.652507,0.09,0.1,6.0,5.0,12.0,13.0,71.0,71.0,112.0,119.0,53.0,53.0,156.0,45.0,3.44,16.7,2.09,7.97,60.0,4.0,3.0
2851,50.747753,29.695343,0.1,0.12,7.0,7.0,10.0,11.0,80.0,80.0,114.0,123.0,52.0,52.0,166.0,15.8,5.08,21.4,5.35,3.99,56.0,9.0,5.0
2852,50.747125,29.738101,0.09,0.1,6.0,7.0,14.0,15.0,66.0,67.0,116.0,118.0,58.0,58.0,157.0,45.0,4.45,20.1,2.85,7.05,50.0,8.0,9.0
2853,50.747125,29.780948,0.11,0.12,7.0,7.0,12.0,13.0,70.0,70.0,121.0,122.0,57.0,57.0,156.0,17.6,4.95,13.8,1.91,7.26,30.0,9.0,5.0
2854,50.774132,29.823854,0.09,0.09,5.0,5.0,15.0,16.0,63.0,63.0,133.0,133.0,59.0,59.0,135.0,3.2,6.46,19.3,2.34,8.25,67.0,8.0,5.0
2855,50.747154,29.823854,0.09,0.09,5.0,7.0,13.0,14.0,70.0,70.0,117.0,123.0,51.0,51.0,154.0,40.0,4.7,14.3,2.97,4.82,40.0,3.0,3.0
2856,50.77465,29.86633,0.09,0.1,8.0,8.0,13.0,14.0,69.0,70.0,119.0,122.0,55.0,55.0,141.0,12.1,5.83,27.3,7.43,3.67,40.0,5.0,4.0
2857,50.747154,29.86669,0.11,0.11,6.0,5.0,11.0,13.0,71.0,71.0,120.0,126.0,57.0,57.0,166.0,23.6,4.44,27.5,5.35,5.15,48.0,5.0,3.0
2858,50.747503,29.909794,0.1,0.11,6.0,6.0,13.0,14.0,76.0,76.0,118.0,126.0,54.0,54.0,167.0,43.5,3.95,14.4,1.7,8.5,50.0,6.0,3.0
2859,50.774105,29.909532,0.09,0.11,5.0,5.0,14.0,15.0,64.0,64.0,128.0,130.0,63.0,63.0,140.0,7.0,5.67,34.3,5.45,6.29,58.0,9.0,4.0
2860,50.74714,29.95358,0.11,0.12,6.0,5.0,13.0,14.0,67.0,66.0,127.0,129.0,61.0,61.0,148.0,13.7,6.14,23.0,7.75,2.98,43.0,4.0,4.0
2861,50.747665,29.994827,0.13,0.14,7.0,7.0,12.0,13.0,74.0,75.0,119.0,127.0,52.0,52.0,162.0,4.6,6.37,37.2,6.0,6.19,30.0,6.0,5.0
2862,50.747154,30.03899,0.09,0.1,5.0,6.0,18.0,19.0,47.0,46.0,136.0,135.0,66.0,66.0,128.0,5.5,6.15,18.3,2.33,7.88,45.0,8.0,5.0
2863,50.747296,30.080938,0.09,0.1,5.0,5.0,17.0,18.0,53.0,52.0,131.0,132.0,69.0,69.0,131.0,12.2,5.5,15.5,1.04,14.8,40.0,6.0,4.0
2864,50.774132,30.079923,0.09,0.1,6.0,5.0,15.0,16.0,55.0,56.0,128.0,127.0,65.0,65.0,125.0,3.8,7.04,27.0,6.85,3.95,70.0,7.0,4.0
2865,50.774162,30.121927,0.1,0.11,6.0,7.0,11.0,12.0,77.0,77.0,113.0,122.0,54.0,54.0,153.0,25.6,4.87,24.1,4.72,5.11,40.0,9.0,5.0
2866,50.801309,30.123328,0.1,0.11,4.0,4.0,14.0,15.0,59.0,59.0,136.0,137.0,66.0,66.0,140.0,5.4,5.84,19.7,3.66,5.39,250.0,16.0,14.0
2867,50.829576,30.122386,0.1,0.11,7.0,7.0,9.0,11.0,70.0,70.0,120.0,121.0,57.0,57.0,138.0,34.9,4.79,25.7,3.01,8.54,69.0,8.0,5.0
2868,50.85554,30.123768,0.11,0.12,5.0,6.0,11.0,12.0,79.0,79.0,118.0,126.0,52.0,52.0,154.0,11.1,5.25,34.3,4.87,7.04,30.0,6.0,4.0
2869,50.854993,30.080178,0.1,0.1,6.0,6.0,13.0,14.0,52.0,52.0,133.0,134.0,66.0,66.0,120.0,13.6,5.74,25.8,8.57,3.01,100.0,11.0,6.0
2870,50.882024,30.123719,0.1,0.13,6.0,6.0,13.0,14.0,63.0,63.0,127.0,128.0,62.0,62.0,131.0,16.7,5.96,52.0,1.61,32.3,99.0,14.0,7.0
2871,50.908554,30.122395,0.11,0.13,5.0,5.0,12.0,13.0,83.0,83.0,121.0,126.0,56.0,56.0,142.0,25.2,4.62,36.0,5.38,6.7,38.0,7.0,3.0
2872,50.935336,30.122566,0.12,0.13,9.0,7.0,11.0,12.0,73.0,73.0,116.0,123.0,52.0,52.0,145.0,23.4,5.34,42.9,8.21,5.23,59.0,8.0,3.0
2873,50.963576,30.078535,0.11,0.17,5.0,5.0,12.0,13.0,69.0,69.0,125.0,128.0,59.0,59.0,131.0,17.3,4.86,41.5,17.0,2.45,46.0,10.0,3.0
2874,50.990691,30.081797,0.1,0.12,8.0,8.0,13.0,14.0,61.0,62.0,121.0,122.0,64.0,64.0,112.0,1.2,8.26,58.6,13.4,4.37,53.0,9.0,3.0
2875,51.01667,30.166168,0.12,0.2,7.0,7.0,11.0,12.0,68.0,69.0,112.0,110.0,56.0,55.0,126.0,15.7,4.85,48.0,10.1,4.75,70.0,13.0,6.0
2876,51.017658,30.211893,0.13,0.13,5.0,7.0,13.0,14.0,69.0,70.0,120.0,123.0,55.0,55.0,116.0,8.5,5.47,30.8,10.3,2.98,43.0,8.0,4.0
2877,51.016184,30.252025,0.1,0.11,6.0,6.0,15.0,16.0,71.0,71.0,114.0,120.0,55.0,55.0,113.0,8.3,6.49,45.5,15.5,2.94,65.0,10.0,6.0
2879,51.018467,30.338781,0.14,0.16,10.0,11.0,13.0,14.0,71.0,71.0,107.0,116.0,53.0,53.0,118.0,22.1,4.4,39.5,6.11,6.46,54.0,5.0,3.0
2880,51.017858,30.380573,0.14,0.14,20.0,20.0,13.0,14.0,61.0,60.0,97.0,114.0,54.0,54.0,112.0,5.4,6.31,55.1,5.1,10.8,52.0,13.0,6.0
2895,51.178653,29.864102,0.08,0.09,6.0,5.0,11.0,12.0,73.0,73.0,114.0,119.0,49.0,49.0,153.0,4.7,6.54,14.8,2.09,7.06,45.0,10.0,8.0
2896,51.178802,29.823794,0.09,0.1,5.0,6.0,10.0,12.0,77.0,77.0,126.0,126.0,52.0,52.0,151.0,10.2,5.26,23.3,1.53,15.3,40.0,8.0,6.0
2975,50.818897,29.452915,0.12,0.13,6.0,5.0,14.0,15.0,72.0,72.0,127.0,129.0,58.0,58.0,167.0,22.0,4.91,21.1,0.691,30.6,217.0,16.0,11.0
3208,50.989958,30.123711,0.12,0.13,4.0,5.0,11.0,12.0,77.0,76.0,112.0,118.0,52.0,52.0,136.0,45.0,4.1,44.1,13.0,3.39,46.0,9.0,4.0
3454,51.07074,29.65233,0.12,0.13,5.0,5.0,16.0,18.0,50.0,50.0,133.0,131.0,66.0,66.0,141.0,4.6,7.23,9.2,1.7,5.42,295.0,26.0,20.0
6000,50.951421,29.872403,0.12,0.12,3.0,4.0,15.0,17.0,58.0,58.0,123.0,123.0,62.0,62.0,144.0,22.7,4.95,47.9,2.27,21.1,40.0,12.0,12.0
6001,50.94914,29.87865,0.14,0.14,6.0,5.0,13.0,15.0,61.0,60.0,127.0,129.0,60.0,60.0,142.0,16.2,5.54,76.6,2.14,35.8,80.0,10.0,10.0
6002,50.94783,29.86594,0.09,0.1,4.0,4.0,18.0,20.0,54.0,54.0,134.0,132.0,62.0,62.0,153.0,6.0,6.08,29.1,2.63,11.0,60.0,10.0,8.0
6003,50.944693,29.866018,0.09,0.1,3.0,3.0,17.0,18.0,54.0,54.0,134.0,132.0,65.0,65.0,151.0,8.0,5.44,23.8,2.69,8.82,85.0,13.0,7.0
6004,50.938095,29.86207,0.1,0.1,4.0,4.0,19.0,20.0,55.0,55.0,135.0,136.0,65.0,65.0,147.0,10.5,5.12,24.5,3.13,7.82,86.0,11.0,8.0
6005,50.93631,29.85117,0.09,0.1,5.0,5.0,13.0,15.0,56.0,55.0,129.0,129.0,64.0,64.0,150.0,13.7,4.89,38.0,1.88,20.2,45.0,8.0,9.0
6006,50.933984,29.862585,0.12,0.12,3.0,4.0,18.0,20.0,50.0,52.0,128.0,128.0,65.0,65.0,147.0,6.3,6.38,24.1,2.62,9.21,200.0,13.0,10.0
6007,50.93393,29.86825,0.12,0.12,3.0,3.0,19.0,20.0,51.0,51.0,130.0,129.0,65.0,65.0,147.0,13.4,5.01,23.8,3.4,7.0,120.0,8.0,8.0
6008,50.932329,29.878773,0.11,0.11,4.0,5.0,19.0,21.0,53.0,53.0,130.0,129.0,67.0,67.0,144.0,10.4,5.82,25.2,2.37,10.6,160.0,9.0,7.0
7000,51.0759,30.2851,0.1,0.1,4.0,4.0,17.0,18.0,53.0,53.0,136.0,138.0,64.0,64.0,112.0,4.3,6.26,49.5,27.5,1.8,380.0,27.0,24.0
7000,51.075759,30.285121,0.11,0.11,4.0,4.0,17.0,18.0,53.0,53.0,136.0,138.0,64.0,64.0,112.0,4.3,6.26,49.5,27.5,1.8,380.0,27.0,24.0
7001,51.021745,30.04811,0.1,0.1,5.0,5.0,18.0,19.0,54.0,54.0,132.0,131.0,67.0,67.0,114.0,12.8,5.38,32.0,13.2,2.42,210.0,16.0,12.0
7002,51.022164,30.04918,0.1,0.1,5.0,5.0,17.0,19.0,53.0,53.0,128.0,127.0,66.0,66.0,112.0,14.3,5.51,55.4,10.6,5.23,180.0,14.0,11.0
